_id,gp1,gp13,gp14,gp2,gp20,gp25,gp30,gp35,gp7,gp8
6168792f1ed3b6e16855e649,,,,"[{""BSSID"":""C7:F8:C6:2F:15:BB"",""RSSIs"":[-56,-56,-56,-56,-56,-56,-56,-57,-57,-57,-57,-57,-57,-57,-57,-57,-64,-64,-64,-64,-64,-64,-56,-56,-56,-56,-56,-56,-56,-56,-67,-63]},{""BSSID"":""CE:E4:05:BE:70:CD"",""RSSIs"":[-66,-66,-66,-66,-66,-66,-66,-66,-66,-66,-66,-66,-66,-66,-66,-66,-67,-67,-67,-66,-66,-66,-66,-66,-68,-68,-68,-65,-65,-64,-64,-64,-64]},{""BSSID"":""FD:82:B0:4C:91:BF"",""RSSIs"":[-70,-70,-70,-70,-70,-70,-70,-70,-71,-71,-71,-71,-71,-71,-68,-68,-67,-67,-67,-67,-67,-67,-66,-66,-66,-66,-66,-66,-66,-66,-68,-68,-68,-68,-68]},{""BSSID"":""D2:8C:33:3D:CC:0C"",""RSSIs"":[-68,-68,-68,-68,-68,-68,-71,-71,-72,-72,-72,-72,-72,-72,-72,-72,-72,-72,-72,-72,-72,-72,-72,-70,-70,-70,-70,-70,-70,-70,-70,-70,-70,-70]},{""BSSID"":""C3:88:F6:29:A9:DE"",""RSSIs"":[-70,-70,-70,-70,-70,-70,-74,-74,-74,-74,-72,-72,-72,-72,-72,-70,-70,-70,-73,-73,-73,-73,-73,-73,-73,-73,-73,-73,-73,-73]},{""BSSID"":""EE:AF:B9:2E:2C:33"",""RSSIs"":[-79,-79,-94,-94,-94,-94,-94,-94,-82,-82,-82,-82,-82,-82,-82,-82,-82,-82,-82,-82,-82,-82,-82,-78,-78,-78,-78,-78,-78,-78,-78]}]",,,,,,
616879391ed3b6e16855e64a,,,,"[{""BSSID"":""C7:F8:C6:2F:15:BB"",""RSSIs"":[-63,-63,-63,-61,-61,-61,-61,-61,-61,-61,-65,-65,-65,-65,-65,-65,-65,-60,-60,-60,-60,-60,-60,-63,-63,-63,-63,-63,-63,-63,-63,-64,-64,-64]},{""BSSID"":""FD:82:B0:4C:91:BF"",""RSSIs"":[-62,-62,-62,-62,-61,-61,-62,-62,-62,-62,-62,-62,-62,-62,-62,-62,-62,-62,-62,-62,-62,-62,-62,-62,-62,-62,-66,-66,-66,-66,-66,-66,-66]},{""BSSID"":""CE:E4:05:BE:70:CD"",""RSSIs"":[-70,-70,-70,-70,-70,-70,-70,-68,-68,-68,-68,-68,-68,-68,-68,-69,-69,-71,-71,-71,-71,-70,-70,-70,-70,-70,-70,-70,-70,-66,-66,-66,-66,-66,-66]},{""BSSID"":""D2:8C:33:3D:CC:0C"",""RSSIs"":[-73,-73,-73,-73,-73,-73,-73,-73,-72,-72,-72,-72,-72,-72,-72,-72,-72,-72,-72,-72,-72,-72,-72]},{""BSSID"":""C3:88:F6:29:A9:DE"",""RSSIs"":[-73,-73,-73,-73,-73,-73,-74,-74,-74,-74,-74,-74,-74,-74,-74,-74,-74,-74,-74,-74,-72,-72,-72,-72,-72,-72,-72,-72,-72,-72,-72,-72]},{""BSSID"":""EE:AF:B9:2E:2C:33"",""RSSIs"":[-80,-80,-80,-80,-80,-80,-80,-80,-80,-80,-80,-80,-80,-80,-80,-80,-80,-80,-80,-80,-80,-80,-80,-80,-80,-80,-76,-76,-76,-76]}]",,,,,,
616879451ed3b6e16855e64b,,,,"[{""BSSID"":""FD:82:B0:4C:91:BF"",""RSSIs"":[-62,-62,-62,-62,-62,-62,-62,-62,-62,-62,-62,-62,-62,-62,-62,-62,-62,-62,-62,-62,-62,-62,-62,-62,-61,-61,-61,-61,-61,-61,-61,-61,-67,-67,-67]},{""BSSID"":""C7:F8:C6:2F:15:BB"",""RSSIs"":[-67,-67,-67,-67,-65,-65,-65,-65,-65,-64,-63,-63,-63,-63,-63,-63,-68,-68,-69,-69,-69,-69,-69,-69,-69,-65,-65,-65,-65,-65]},{""BSSID"":""CE:E4:05:BE:70:CD"",""RSSIs"":[-68,-69,-69,-69,-69,-69,-69,-69,-69,-69,-69,-69,-69,-69,-69,-69,-69,-69,-69,-69,-69,-69,-69,-65,-65,-65,-65,-65,-65,-65,-65,-65,-65]},{""BSSID"":""D2:8C:33:3D:CC:0C"",""RSSIs"":[-72,-72,-72,-72,-72,-72,-72,-72,-72,-72,-72,-72,-72,-72,-72,-72,-72,-72,-72,-72,-72,-72,-74,-74]},{""BSSID"":""C3:88:F6:29:A9:DE"",""RSSIs"":[-72,-72,-72,-72,-72,-72,-74,-74,-74,-74,-74,-74,-74,-74,-74,-74,-73,-73,-74,-74,-74,-74,-74,-73,-73,-74,-74,-74,-74,-74,-74]},{""BSSID"":""EE:AF:B9:2E:2C:33"",""RSSIs"":[-82,-82,-82,-82,-82,-82,-82,-80,-80,-80,-80,-80,-80,-80,-80,-81,-82,-82,-82,-82,-82,-82,-82,-82,-82,-82,-82,-77,-77,-77,-77,-77,-77,-77]}]",,,,,,
616879501ed3b6e16855e64c,,,,"[{""BSSID"":""C7:F8:C6:2F:15:BB"",""RSSIs"":[-61,-61,-61,-61,-58,-58,-58,-58,-58,-58,-58,-58,-61,-61,-61,-61,-61,-61,-61,-61,-61,-61,-61,-61,-62,-62,-62,-62,-62,-77]},{""BSSID"":""FD:82:B0:4C:91:BF"",""RSSIs"":[-63,-63,-63,-63,-63,-66,-66,-67,-67,-67,-67,-67,-67,-67,-66,-66,-66,-66,-66,-66,-66,-66,-66,-66,-66,-66,-66,-66,-66,-66,-71,-71,-71,-71]},{""BSSID"":""CE:E4:05:BE:70:CD"",""RSSIs"":[-65,-65,-65,-65,-66,-66,-66,-67,-67,-67,-67,-67,-67,-67,-67,-67,-67,-67,-67,-68,-68,-68,-67,-67,-67,-67,-67,-67,-68,-68,-67,-67,-67,-67,-67]},{""BSSID"":""D2:8C:33:3D:CC:0C"",""RSSIs"":[-76,-76,-76,-76,-76,-76,-76,-76,-76,-76,-71,-71,-71,-71,-71,-71,-71,-71,-71,-71,-71,-71,-71,-81,-80,-80,-80,-80,-80,-80,-80,-80]},{""BSSID"":""C3:88:F6:29:A9:DE"",""RSSIs"":[-76,-76,-76,-76,-77,-77,-77,-77,-77,-77,-77,-77,-77,-77,-77,-77,-73,-73,-73]},{""BSSID"":""EE:AF:B9:2E:2C:33"",""RSSIs"":[-95,-95,-94,-94,-94,-94,-94,-94,-90,-90,-90,-90,-90,-86,-86,-84,-84,-84,-84,-84,-84,-84,-84,-84,-84]}]",,,,,,
616879591ed3b6e16855e64d,,,,"[{""BSSID"":""C7:F8:C6:2F:15:BB"",""RSSIs"":[-70,-70,-58,-58,-58,-58,-56,-56,-56,-56,-56,-58,-58,-58,-58,-58,-57,-57,-57,-57,-57,-57,-58,-58,-58,-58,-58,-60,-60,-60,-60,-65,-65]},{""BSSID"":""FD:82:B0:4C:91:BF"",""RSSIs"":[-61,-61,-61,-61,-61,-61,-61,-61,-61,-61,-61,-61,-67,-67,-67,-67,-67,-67,-67,-67,-67,-67,-67,-67,-67,-67,-67,-67,-67,-67,-64,-64,-64,-64,-64]},{""BSSID"":""CE:E4:05:BE:70:CD"",""RSSIs"":[-68,-68,-68,-68,-66,-66,-66,-66,-66,-66,-67,-67,-67,-67,-67,-66,-66,-66,-66,-66,-66,-66,-66,-66,-66,-66,-66,-66,-66,-66,-66,-70,-70,-70]},{""BSSID"":""D2:8C:33:3D:CC:0C"",""RSSIs"":[-71,-71,-71,-71,-71,-71,-71,-71,-71,-71,-71,-71,-71,-71,-71,-71,-76,-76,-76,-76]},{""BSSID"":""C3:88:F6:29:A9:DE"",""RSSIs"":[-73,-73,-73,-73,-73,-73,-73,-73,-73,-73,-73,-75,-75,-75,-75,-75,-75,-75,-75,-74,-74,-74,-72,-72,-72,-72,-72,-72,-74]},{""BSSID"":""EE:AF:B9:2E:2C:33"",""RSSIs"":[-84,-84,-84,-84,-84,-84,-84,-92,-92,-92,-92,-92,-92,-92,-92,-92,-92,-85,-85,-86,-86,-86,-86,-86,-86,-86,-86,-86,-86,-86,-86,-86]}]",,,,,,
6168797c1ed3b6e16855e64e,"[{""BSSID"":""C7:F8:C6:2F:15:BB"",""RSSIs"":[-31,-31,-31,-31,-31,-32,-32,-33,-33,-33,-33,-33,-32,-32,-31,-31,-31,-31,-31,-31,-32,-32,-32,-32,-32,-32,-32,-31,-31,-31,-31,-31]},{""BSSID"":""FD:82:B0:4C:91:BF"",""RSSIs"":[-75,-75,-75,-75,-75,-72,-72,-72,-72,-67,-67,-67,-67,-67,-65,-65,-65,-65,-65,-65,-65,-68,-68,-68,-68,-68,-68,-68]},{""BSSID"":""CE:E4:05:BE:70:CD"",""RSSIs"":[-66,-66,-66,-66,-66,-66,-66,-66,-66,-66,-66,-66,-72,-69,-69,-69,-69,-69,-69,-74,-74,-74,-74,-74,-74,-74,-74,-74,-74,-74,-69,-69,-69,-69]},{""BSSID"":""D2:8C:33:3D:CC:0C"",""RSSIs"":[-73,-73,-73,-73,-73,-73,-71,-71,-71,-71,-71,-71,-71,-71,-71,-71,-71,-71,-71,-71,-71,-71,-71,-71,-72,-72,-72,-72,-72,-72,-72,-72,-72,-72,-72]},{""BSSID"":""C3:88:F6:29:A9:DE"",""RSSIs"":[-89,-89,-89,-89,-89,-89,-89,-80,-80,-80,-80,-80,-80,-80,-80,-80,-72,-72,-72,-72,-73,-73,-73,-73,-73,-73,-73,-73,-73,-73,-73,-74,-74]},{""BSSID"":""EE:AF:B9:2E:2C:33"",""RSSIs"":[-77,-78,-78,-78,-78,-78,-78,-75,-75,-75,-75,-75,-75,-75,-75,-82,-82,-82,-82,-82,-82,-82,-82,-78,-78,-78,-78,-78,-84,-84,-84]}]",,,,,,,,,
616879921ed3b6e16855e64f,"[{""BSSID"":""C7:F8:C6:2F:15:BB"",""RSSIs"":[-31,-31,-31,-31,-38,-38,-38,-38,-50,-51,-51,-51,-51,-50,-50,-50,-50,-50,-52,-52,-52,-52,-52,-47,-47,-47,-47,-41,-41,-41,-41,-41,-41,-41]},{""BSSID"":""FD:82:B0:4C:91:BF"",""RSSIs"":[-73,-73,-73,-73,-73,-74,-74,-74,-74,-74,-74,-74,-74,-74,-74,-74,-74,-74,-70,-70,-73,-73,-73,-73]},{""BSSID"":""CE:E4:05:BE:70:CD"",""RSSIs"":[-73,-73,-73,-73,-73,-75,-75,-75,-75,-75,-77,-77,-77,-77,-77,-77,-77,-77,-77,-77,-77,-77,-77,-77,-77,-77,-77,-77,-77,-77,-77,-77,-80]},{""BSSID"":""C3:88:F6:29:A9:DE"",""RSSIs"":[-78,-78,-78,-78,-78,-78,-78,-78,-78,-78,-78,-78,-78,-78,-78,-80,-80,-75,-75,-73,-73,-73,-72,-72,-72,-72,-72]},{""BSSID"":""D2:8C:33:3D:CC:0C"",""RSSIs"":[-71,-71,-71,-71,-72,-72,-72,-72,-72,-72,-72,-72,-72,-72,-72,-72,-72,-72,-72,-72,-72,-72,-79,-79,-79,-79,-86,-86,-86,-86,-86,-86,-86,-86,-86]},{""BSSID"":""EE:AF:B9:2E:2C:33"",""RSSIs"":[-84,-84,-84,-89,-89,-89,-89,-89,-89,-89,-89,-89,-88,-88,-88,-88,-88,-88,-88,-88,-88,-88,-88,-88,-88,-88,-88,-88,-88,-88,-88,-88]}]",,,,,,,,,
6168799f1ed3b6e16855e650,"[{""BSSID"":""C7:F8:C6:2F:15:BB"",""RSSIs"":[-47,-47,-47,-51,-51,-51,-51,-47,-47,-47,-47,-47,-47,-48,-48,-48,-48,-48,-48,-47,-47,-48,-48,-48,-48,-47,-47,-47,-47,-47,-47,-47]},{""BSSID"":""FD:82:B0:4C:91:BF"",""RSSIs"":[-71,-71,-71,-71,-71,-71,-71,-67,-67,-67,-67,-67,-67,-67,-67,-74]},{""BSSID"":""C3:88:F6:29:A9:DE"",""RSSIs"":[-75,-75,-75,-75,-75,-75,-75,-72,-72,-72,-72,-72,-72,-74,-74,-74,-74,-74,-73,-73,-73,-73,-73,-73,-73,-69,-69,-69,-69,-69,-69,-69,-69]},{""BSSID"":""D2:8C:33:3D:CC:0C"",""RSSIs"":[-75,-75,-75,-75,-75,-75,-75,-80,-80,-80,-80,-80,-80,-80,-78,-78,-78,-78,-78,-78,-78,-78,-78,-78,-78,-78,-78,-78,-78,-78,-78,-78,-78,-78,-78]},{""BSSID"":""CE:E4:05:BE:70:CD"",""RSSIs"":[-78,-78,-78,-76,-76,-76,-76,-84,-84,-84,-84,-74,-74,-74,-74,-74,-74,-80,-80,-80,-80,-80,-80,-80,-80,-80,-80,-80,-80,-80,-80,-79,-77,-77]},{""BSSID"":""EE:AF:B9:2E:2C:33"",""RSSIs"":[-90,-90,-90,-90,-90,-90,-95,-95,-95,-95,-95,-95,-90,-90,-90,-90,-90,-90,-81,-81,-81,-81,-81,-81,-81,-81,-81,-81,-81,-81]}]",,,,,,,,,
616879b51ed3b6e16855e651,"[{""BSSID"":""C7:F8:C6:2F:15:BB"",""RSSIs"":[-43,-43,-43,-43,-43,-43,-44,-44,-43,-43,-43,-43,-43,-43,-42,-42,-43,-43,-43,-43,-43,-43,-43,-43,-42,-42,-42,-42,-47,-47,-47,-48,-48]},{""BSSID"":""FD:82:B0:4C:91:BF"",""RSSIs"":[-68,-68,-68,-68,-68,-68,-67,-67,-67,-67,-67,-67,-67,-67,-69,-71,-71,-71,-71,-71,-71,-69,-68,-68,-68,-68,-68,-68]},{""BSSID"":""C3:88:F6:29:A9:DE"",""RSSIs"":[-79,-79,-79,-79,-79,-79,-79,-79,-79,-79,-79,-79,-79,-79,-79,-79,-71,-71,-71,-71,-71,-71,-70,-70,-70,-70]},{""BSSID"":""D2:8C:33:3D:CC:0C"",""RSSIs"":[-79,-79,-79,-79,-79,-79,-79,-79,-79,-80,-80,-80,-80,-80,-80,-80,-80,-80,-80,-80,-80]},{""BSSID"":""CE:E4:05:BE:70:CD"",""RSSIs"":[-79,-77,-77,-77,-77,-77,-77,-77,-77,-77,-77,-85,-85,-85,-85,-80,-80,-80,-80,-80,-78,-78,-78,-78,-82,-82,-82,-82,-82,-82,-82,-82,-82,-82,-82]},{""BSSID"":""EE:AF:B9:2E:2C:33"",""RSSIs"":[-84,-84,-88,-88,-88,-88,-88,-88,-88,-88,-88,-88,-88,-88,-86,-86,-84,-84,-84,-84,-84,-84,-84,-84,-82,-82,-82,-82,-82,-82,-82,-82]}]",,,,,,,,,
616879d01ed3b6e16855e652,"[{""BSSID"":""C7:F8:C6:2F:15:BB"",""RSSIs"":[-28,-28,-28,-28,-28,-28,-28,-28,-28,-28,-28,-28,-28,-28,-28,-28,-27,-27,-27,-28,-28,-28,-28,-28,-28,-28,-27,-27,-27,-27,-27]},{""BSSID"":""C3:88:F6:29:A9:DE"",""RSSIs"":[-72,-72,-72,-72,-72,-72,-72,-77,-77,-77,-77,-77,-74,-74,-74,-74,-72,-72,-72,-72,-72,-72,-72,-72,-72,-72,-71,-71,-71,-71,-71,-71]},{""BSSID"":""CE:E4:05:BE:70:CD"",""RSSIs"":[-70,-70,-70,-70,-70,-70,-73,-72,-72,-72,-72,-72,-72,-72,-72,-72,-72,-74,-74,-74,-74,-74,-74,-74,-75,-75,-75,-75,-75,-75,-75,-75,-75,-75]},{""BSSID"":""D2:8C:33:3D:CC:0C"",""RSSIs"":[-74,-74,-74,-74,-74,-74,-74,-74,-74,-74,-74,-74,-74,-74,-74,-74,-74,-74,-74,-74,-74,-74,-74,-74,-74,-74,-81,-81,-81,-81]},{""BSSID"":""FD:82:B0:4C:91:BF"",""RSSIs"":[-69,-69,-70,-70,-70,-70,-69,-69,-69,-69,-69,-69,-76,-76,-77,-77,-77,-68,-68,-68,-68,-68,-74,-74,-74,-74,-74,-71,-94,-94,-94,-94,-94,-94,-89]},{""BSSID"":""EE:AF:B9:2E:2C:33"",""RSSIs"":[-86,-86,-86,-86,-86,-86,-86,-86,-86,-86,-86,-86,-88,-88]}]",,,,,,,,,
61687aea1ed3b6e16855e653,,,,,,"[{""BSSID"":""C7:F8:C6:2F:15:BB"",""RSSIs"":[-50,-50,-50,-50,-50,-50,-50,-50,-50,-50,-50,-50,-50,-50,-50,-50,-62,-62,-62,-62,-62,-62,-62,-62,-62,-62,-62,-62,-62,-62,-49,-49]},{""BSSID"":""FD:82:B0:4C:91:BF"",""RSSIs"":[-65,-65,-65,-65,-65,-65,-65,-65,-65,-65,-65,-65,-65,-65,-61,-61,-61,-61,-61,-61,-61,-56,-56,-56,-56,-56,-56,-56,-56,-67,-67,-67,-67,-67,-67]},{""BSSID"":""D2:8C:33:3D:CC:0C"",""RSSIs"":[-62,-62,-62,-62,-62,-62,-62,-62,-62,-62,-62,-74,-74,-72,-72,-72,-72,-72,-61,-61,-61,-62,-62,-62,-62,-62,-62,-62,-62,-62]},{""BSSID"":""C3:88:F6:29:A9:DE"",""RSSIs"":[-60,-60,-60,-60,-60,-60,-61,-61,-61,-61,-61,-61,-62,-62,-62,-62,-62,-62,-62,-62,-62,-76,-76,-76,-76,-76,-77,-77,-77,-77,-77,-85,-85,-85]},{""BSSID"":""CE:E4:05:BE:70:CD"",""RSSIs"":[-69,-69,-69,-75,-75,-75,-75,-71,-71,-71,-71,-71,-71,-71,-71,-71,-71,-71]},{""BSSID"":""EE:AF:B9:2E:2C:33"",""RSSIs"":[-76,-76,-75,-75,-75,-75,-75,-74,-74,-74,-75,-75,-75,-86,-86,-86,-86,-86,-86,-86,-86,-86,-86,-77,-77,-77,-80,-80,-80,-80,-80,-80,-80]}]",,,,
61687af81ed3b6e16855e654,,,,,,"[{""BSSID"":""C7:F8:C6:2F:15:BB"",""RSSIs"":[-55,-58,-58,-58,-58,-52,-52,-52,-54,-54,-54,-55,-55,-55,-55,-55,-55,-55,-47,-47,-47,-47,-47,-47,-47,-47,-47,-47,-47]},{""BSSID"":""FD:82:B0:4C:91:BF"",""RSSIs"":[-62,-62,-62,-62,-62,-62,-62,-62,-62,-62,-62,-65,-65,-65,-65,-65,-65,-65,-60,-60,-60,-60,-60,-60,-60,-60,-60,-60,-60,-60,-60,-60,-60]},{""BSSID"":""D2:8C:33:3D:CC:0C"",""RSSIs"":[-66,-66,-66,-66,-66,-66,-66,-66,-66,-66,-66,-66,-66,-63,-63,-63,-63,-63,-63,-62,-62,-62,-62,-62,-62,-62]},{""BSSID"":""C3:88:F6:29:A9:DE"",""RSSIs"":[-71,-71,-71,-71,-71,-71,-71,-71,-71,-71,-71,-71,-71,-71,-71,-71,-71,-71,-70,-70,-69,-69,-69,-69,-69,-69,-69,-69,-70,-70]},{""BSSID"":""CE:E4:05:BE:70:CD"",""RSSIs"":[-74,-76,-76,-76,-76,-76,-76,-76,-76,-76,-76,-76,-76,-76,-76,-76,-68,-68,-68,-74,-74,-74,-74,-74,-74,-74,-74,-74,-74,-74,-68,-68,-68,-68,-68]},{""BSSID"":""EE:AF:B9:2E:2C:33"",""RSSIs"":[-75,-75,-75,-75,-75,-74,-74,-74,-74,-75,-75,-75,-75,-75,-75,-75,-75,-75,-75,-75,-75,-75,-75,-75,-78,-78,-78,-78,-78,-78,-78,-78]}]",,,,
61687b121ed3b6e16855e655,,,,,,"[{""BSSID"":""C7:F8:C6:2F:15:BB"",""RSSIs"":[-52,-52,-56,-56,-56,-56,-56,-55,-56,-56,-56,-56,-56,-57,-57,-57,-57,-54,-54,-54,-54,-50,-50,-50,-53,-53,-53,-53,-53,-53,-53,-53,-51]},{""BSSID"":""FD:82:B0:4C:91:BF"",""RSSIs"":[-63,-63,-63,-63,-63,-63,-64,-64,-64,-64,-64,-64,-66,-66,-66,-66,-66,-66,-66,-66,-63,-63,-63,-63,-63,-63,-63,-63,-63,-62,-62,-66,-66,-66,-66]},{""BSSID"":""D2:8C:33:3D:CC:0C"",""RSSIs"":[-68,-68,-68,-68,-68,-68,-69,-69,-69,-69,-69,-69,-69,-69,-69,-69,-69,-69,-69,-69,-69,-69,-69,-69,-69,-69,-69,-69,-69,-69,-69,-63,-63,-63]},{""BSSID"":""C3:88:F6:29:A9:DE"",""RSSIs"":[-75,-75,-75,-75,-75,-75,-69,-69,-69,-69,-69,-69,-69,-69,-68,-68,-68,-68,-68,-87,-87,-87,-68,-68,-68,-68,-68]},{""BSSID"":""CE:E4:05:BE:70:CD"",""RSSIs"":[-74,-74,-74,-74,-74,-74,-74,-74,-74,-74,-74,-74,-68,-68,-68,-75,-75,-75,-75,-75,-65,-65]},{""BSSID"":""EE:AF:B9:2E:2C:33"",""RSSIs"":[-78,-78,-77,-77,-77,-77,-77,-77,-75,-75,-75,-75,-75,-75,-76,-78,-78,-78,-74,-74,-74,-74,-74,-74,-74,-74,-74,-74,-74,-74,-74,-74]}]",,,,
61687b221ed3b6e16855e656,,,,,,"[{""BSSID"":""C7:F8:C6:2F:15:BB"",""RSSIs"":[-70,-70,-70,-70,-56,-56,-56,-56,-56,-56,-56,-56,-56,-56,-56,-56,-56,-51,-51,-51,-51,-51,-51,-51,-51,-51,-51,-51,-52,-52,-52,-52,-48,-48]},{""BSSID"":""FD:82:B0:4C:91:BF"",""RSSIs"":[-70,-70,-70,-70,-70,-70,-70,-65,-66,-66,-66,-66,-66,-66,-66,-66,-66,-66,-66,-66,-66,-66,-66,-66,-66,-66,-66,-66,-66,-66,-65,-65,-65,-65,-65]},{""BSSID"":""D2:8C:33:3D:CC:0C"",""RSSIs"":[-69,-69,-69,-69,-69,-69,-67,-67,-67,-67,-67,-67,-68,-68,-68,-68,-68,-67,-67,-67,-67,-67,-67,-67,-67,-67,-67,-67,-62,-62,-62,-62]},{""BSSID"":""C3:88:F6:29:A9:DE"",""RSSIs"":[-71,-71,-71,-71,-71,-71,-71,-71,-71,-71,-71,-71,-71,-66,-66,-66,-66,-66,-66,-66,-66,-66,-66,-65,-66,-66,-66,-66,-66,-66,-66]},{""BSSID"":""CE:E4:05:BE:70:CD"",""RSSIs"":[-75,-75,-75,-75,-75,-75,-75,-75,-75,-75,-68,-68,-68,-68,-70,-70,-70,-70,-70,-68,-67,-67,-67,-67,-68,-68,-68,-68,-68,-68,-66,-66,-66]},{""BSSID"":""EE:AF:B9:2E:2C:33"",""RSSIs"":[-76,-76,-76,-76,-76,-76,-76,-76,-76,-76,-76,-76,-76,-76,-76,-76,-76,-76,-76,-76,-76,-76,-76,-76,-76,-76,-76,-76,-78]}]",,,,
61687b321ed3b6e16855e657,,,,,,"[{""BSSID"":""C7:F8:C6:2F:15:BB"",""RSSIs"":[-51,-51,-51,-51,-51,-51,-51,-51,-50,-50,-51,-51,-51,-51,-51,-51,-51,-51,-51,-51,-51,-51,-51,-51,-51,-51,-51,-51,-51,-51,-51]},{""BSSID"":""FD:82:B0:4C:91:BF"",""RSSIs"":[-68,-68,-68,-68,-68,-68,-68,-64,-64,-64,-64,-64,-64,-64,-64,-64,-64,-64,-64,-64,-65,-65,-65,-65,-65,-62,-62]},{""BSSID"":""D2:8C:33:3D:CC:0C"",""RSSIs"":[-66,-66,-66,-66,-66,-66,-66,-66,-66,-68,-68,-68,-68,-68,-68,-68,-68,-68,-68,-68,-68,-68,-67,-67,-67,-67,-67,-67,-67,-67,-67,-67,-67,-67,-67]},{""BSSID"":""CE:E4:05:BE:70:CD"",""RSSIs"":[-70,-70,-70,-70,-70,-70,-70,-70,-70,-69,-69,-69,-69,-69,-69,-70,-70,-70,-70,-70,-70,-70,-70,-68,-68,-68,-68,-68,-68,-68,-68,-68,-68,-68]},{""BSSID"":""C3:88:F6:29:A9:DE"",""RSSIs"":[-69,-69,-69,-69,-69,-69,-69,-69,-69,-72,-72,-72,-72,-72,-72,-72,-72,-72,-72,-72,-72,-72,-72,-73,-73,-73,-73,-73,-73,-73,-73,-73,-73]},{""BSSID"":""EE:AF:B9:2E:2C:33"",""RSSIs"":[-72,-73,-73,-73,-73,-73,-73,-76,-76,-76,-76,-76,-76,-76,-76,-76,-76,-76,-76,-76,-76,-75,-75,-75,-75,-75,-75,-75,-75]}]",,,,
61687b5c1ed3b6e16855e658,,,,,,,,,"[{""BSSID"":""C7:F8:C6:2F:15:BB"",""RSSIs"":[-62,-62,-62,-56,-56,-56,-56,-56,-56,-56,-56,-56,-65,-65,-65,-65,-65,-65,-65,-65,-65,-65,-65,-65,-65,-56,-56,-56,-56,-56,-56]},{""BSSID"":""CE:E4:05:BE:70:CD"",""RSSIs"":[-61,-61,-61,-61,-61,-61,-61,-61,-61,-61,-61,-61,-61,-61,-61,-61,-61,-61,-61,-61,-61,-61,-61,-61,-61,-61,-61,-62,-62,-62,-62,-62,-62,-62,-62]},{""BSSID"":""FD:82:B0:4C:91:BF"",""RSSIs"":[-66,-66,-66,-66,-66,-66,-66,-66,-66,-66,-66,-66,-66,-72,-72,-71,-71,-71,-71,-71,-71,-71,-71,-66,-66,-66,-66,-66,-66,-66,-71,-70,-70]},{""BSSID"":""C3:88:F6:29:A9:DE"",""RSSIs"":[-68,-68,-68,-69,-69,-69,-69,-69,-69,-68,-68,-68,-68,-68,-68,-68,-68,-67,-67,-67,-67,-70,-70,-70,-70,-69,-69,-69,-69,-69,-69,-69]},{""BSSID"":""D2:8C:33:3D:CC:0C"",""RSSIs"":[-72,-72,-74,-74,-74,-74,-74,-74,-74,-70,-70,-70,-70,-70,-70,-70,-70,-69,-69,-69,-69,-69,-69,-69,-69,-69]},{""BSSID"":""EE:AF:B9:2E:2C:33"",""RSSIs"":[-81,-81,-81,-87,-87,-87,-87,-87,-87,-79,-79,-79,-79,-79,-79,-79,-80,-80,-80,-80,-80,-80,-80,-80,-80,-80,-80,-80,-80,-80]}]",
61687b6c1ed3b6e16855e659,,,,,,,,,"[{""BSSID"":""C7:F8:C6:2F:15:BB"",""RSSIs"":[-62,-62,-62,-62,-62,-62,-62,-58,-58,-58,-58,-58,-58,-58,-57,-57,-57,-57,-57,-63,-63,-63,-63,-63,-63,-63,-63,-63]},{""BSSID"":""CE:E4:05:BE:70:CD"",""RSSIs"":[-62,-62,-62,-62,-62,-62,-62,-63,-63,-63,-63,-62,-62,-62,-62,-62,-62,-62,-62,-62,-62,-62,-62,-62,-62,-62,-62,-62,-62,-62]},{""BSSID"":""FD:82:B0:4C:91:BF"",""RSSIs"":[-62,-62,-62,-62,-62,-62,-62,-68,-68,-62,-62,-62,-62,-62,-62,-63,-63,-63,-63,-63,-63,-67,-67,-67,-67,-67,-67,-67,-68,-68,-68,-68,-68]},{""BSSID"":""C3:88:F6:29:A9:DE"",""RSSIs"":[-68,-68,-68,-68,-68,-68,-68,-68,-68,-68,-69,-69,-69,-69,-69,-69,-69,-69,-69,-69,-69,-69,-69,-69,-69,-67,-67,-67,-67,-67,-67,-67,-67,-67,-66]},{""BSSID"":""D2:8C:33:3D:CC:0C"",""RSSIs"":[-70,-69,-69,-69,-69,-69,-69,-69,-69,-69,-69,-69,-69,-69,-69,-69,-69,-69,-69,-69,-69,-69,-69,-69,-69,-69,-69,-69,-69,-69,-69,-69]},{""BSSID"":""EE:AF:B9:2E:2C:33"",""RSSIs"":[-79,-79,-79,-79,-79,-79,-79,-83,-83,-83,-83,-83,-83,-83,-84,-84,-84,-84,-84,-84,-84,-84,-84,-84,-84,-84,-84,-80,-80,-80,-80,-80,-80,-80]}]",
61687b791ed3b6e16855e65a,,,,,,,,,"[{""BSSID"":""C7:F8:C6:2F:15:BB"",""RSSIs"":[-63,-61,-61,-61,-61,-61,-61,-61,-55,-55,-55,-55,-55,-55,-55,-55,-62,-62,-62,-62,-62,-62,-62,-62,-62,-62,-62,-62,-62,-62]},{""BSSID"":""CE:E4:05:BE:70:CD"",""RSSIs"":[-62,-62,-62,-62,-62,-62,-62,-62,-62,-62,-62,-62,-62,-62,-62,-62,-62,-62,-62,-62,-62,-62,-62,-62,-62,-62,-62,-62,-62,-62,-62,-62,-62]},{""BSSID"":""C3:88:F6:29:A9:DE"",""RSSIs"":[-68,-69,-69,-69,-69,-69,-69,-69,-69,-69,-69,-69,-67,-67,-67,-67,-67,-67,-67,-69,-69,-69,-69,-69,-69,-69,-69,-68,-68,-68,-68,-69]},{""BSSID"":""FD:82:B0:4C:91:BF"",""RSSIs"":[-72,-72,-72,-72,-72,-72,-72,-72,-72,-66,-66,-66,-66,-66,-66,-66,-66,-66,-67,-67,-67,-67,-67,-71,-71,-71,-71,-71,-71,-71,-71,-71,-71,-71,-71]},{""BSSID"":""D2:8C:33:3D:CC:0C"",""RSSIs"":[-69,-69,-69,-69,-69,-69,-69,-71,-71,-71,-71,-71,-71,-71,-71,-71,-69,-69,-69,-69,-69,-69,-69,-70,-70,-70,-70,-70,-70,-70,-70,-71,-71,-71]},{""BSSID"":""EE:AF:B9:2E:2C:33"",""RSSIs"":[-78,-78,-78,-78,-78,-78,-78,-80,-80,-80,-80,-80,-80,-80,-80,-80,-80,-80,-80,-80,-80,-83,-83,-83,-83,-83,-83,-83]}]",
61687b851ed3b6e16855e65b,,,,,,,,,"[{""BSSID"":""C7:F8:C6:2F:15:BB"",""RSSIs"":[-55,-55,-55,-60,-60,-60,-60,-60,-60,-59,-59,-59,-59,-59,-59,-59,-59,-58,-58,-58,-58,-61,-61,-61,-61,-61,-61,-61,-59,-59,-57]},{""BSSID"":""CE:E4:05:BE:70:CD"",""RSSIs"":[-62,-62,-62,-62,-62,-62,-62,-62,-62,-62,-62,-61,-61,-61,-61,-61,-61,-62,-62,-62,-62,-62,-62,-62,-62,-62,-62,-62,-62,-62,-62,-62,-62,-62,-62]},{""BSSID"":""C3:88:F6:29:A9:DE"",""RSSIs"":[-67,-67,-67,-67,-67,-67,-67,-67,-67,-68,-68,-68,-68,-68,-68,-68,-68,-67,-67,-67,-67,-67,-67,-67,-67,-67,-70,-70,-70,-70,-70,-70]},{""BSSID"":""FD:82:B0:4C:91:BF"",""RSSIs"":[-67,-67,-67,-67,-67,-67,-66,-66,-66,-66,-66,-66,-67,-67,-67,-67,-67,-70,-70,-70,-70,-70,-70,-70,-70,-70,-76,-76,-76,-76,-76,-76,-76]},{""BSSID"":""D2:8C:33:3D:CC:0C"",""RSSIs"":[-72,-72,-72,-72,-72,-72,-70,-71,-71,-71,-71,-71,-71,-70,-70,-70,-70,-70,-70,-70,-70,-72,-72,-72,-72,-72]},{""BSSID"":""EE:AF:B9:2E:2C:33"",""RSSIs"":[-82,-82,-82,-82,-82,-82,-82,-82,-82,-82,-82,-82,-82,-82,-82,-82,-82,-82,-82,-82,-82,-84,-84,-84,-84,-84,-84,-84,-81,-81]}]",
61687b941ed3b6e16855e65c,,,,,,,,,"[{""BSSID"":""C7:F8:C6:2F:15:BB"",""RSSIs"":[-53,-53,-53,-53,-54,-54,-54,-54,-54,-54,-54,-54,-54,-60,-60,-53,-53,-53,-53,-53,-53,-53,-53,-53,-53,-53,-53,-53,-53,-60,-60,-60,-60,-60,-60]},{""BSSID"":""CE:E4:05:BE:70:CD"",""RSSIs"":[-62,-61,-61,-61,-61,-61,-61,-61,-61,-61,-61,-62,-62,-62,-62,-62,-62,-62,-61,-61,-61,-61,-61,-61,-61,-61]},{""BSSID"":""C3:88:F6:29:A9:DE"",""RSSIs"":[-65,-66,-66,-66,-66,-66,-66,-66,-66,-66,-66,-67,-67,-67,-67,-67,-67,-67,-72,-72,-72,-72,-68,-68,-68,-68,-68,-68,-68,-68,-65,-65,-65,-65]},{""BSSID"":""FD:82:B0:4C:91:BF"",""RSSIs"":[-71,-71,-71,-71,-67,-67,-67,-67,-67,-67,-69,-69,-69,-69,-69,-66,-66,-66,-66,-66,-66,-66,-66,-66,-66,-69,-69,-69]},{""BSSID"":""D2:8C:33:3D:CC:0C"",""RSSIs"":[-69,-69,-71,-71,-71,-71,-71,-71,-71,-71,-71,-71,-75,-75,-75,-75,-75,-75,-75,-73,-73,-73,-73,-73,-73,-73,-73,-72,-72]},{""BSSID"":""EE:AF:B9:2E:2C:33"",""RSSIs"":[-78,-78,-79,-79,-79,-79,-79,-79,-79,-79,-79,-79,-79,-80,-80,-80,-80,-80,-81,-81,-81,-80,-80,-80,-80,-80,-80,-80,-80,-80,-80,-80]}]",
61687bb21ed3b6e16855e65d,,,,,,,,,,"[{""BSSID"":""C7:F8:C6:2F:15:BB"",""RSSIs"":[-51,-51,-51,-51,-51,-51,-51,-51,-50,-50,-50,-50,-50,-50,-50,-50,-50,-50,-50,-50,-47,-47,-47,-47,-47,-47,-47,-47,-47,-47,-47]},{""BSSID"":""FD:82:B0:4C:91:BF"",""RSSIs"":[-51,-51,-51,-51,-51,-51,-51,-51,-51,-51,-52,-52,-52,-52,-52,-52,-52,-52,-52,-52,-52,-52,-52,-52,-52,-54,-54,-54,-54,-54,-52,-51,-51,-51,-51]},{""BSSID"":""C3:88:F6:29:A9:DE"",""RSSIs"":[-61,-61,-62,-62,-62,-62,-62,-62,-62,-62,-62,-61,-61,-61,-61,-61,-61,-61,-61,-61,-61,-61,-61,-61,-61,-61,-61,-61,-61,-61,-61,-61]},{""BSSID"":""EE:AF:B9:2E:2C:33"",""RSSIs"":[-70,-70,-70,-70,-70,-70,-70,-70,-70,-70,-70,-70,-70,-70,-70,-70,-70,-70,-70,-70,-69,-69,-69,-69,-69,-69,-69,-69,-70]},{""BSSID"":""CE:E4:05:BE:70:CD"",""RSSIs"":[-71,-71,-71,-71,-71,-71,-71,-71,-71,-71,-71,-71,-71,-71,-71,-71,-71,-71,-76,-76,-76,-76,-76,-76,-76,-76]},{""BSSID"":""D2:8C:33:3D:CC:0C"",""RSSIs"":[-74,-74,-74,-74,-74,-74,-74,-74,-74,-74,-74,-74,-74,-74,-74,-74,-80,-80,-87,-87,-87,-87,-87,-87,-87,-87,-87,-87,-87,-87,-87,-87,-77,-77]}]"
61687bc31ed3b6e16855e65e,,,,,,,,,,"[{""BSSID"":""C7:F8:C6:2F:15:BB"",""RSSIs"":[-51,-51,-51,-51,-51,-51,-51,-51,-51,-51,-47,-47,-47,-47,-47,-47,-47,-47,-47,-48,-48,-48,-48,-48,-48,-48,-48,-48,-48,-48,-48,-48,-48]},{""BSSID"":""FD:82:B0:4C:91:BF"",""RSSIs"":[-51,-51,-51,-51,-51,-51,-52,-52,-52,-52,-52,-52,-52,-52,-52,-52,-52,-51,-51,-51,-51,-51,-51,-51,-52,-52,-52,-52,-52,-52,-52,-52,-52,-52]},{""BSSID"":""C3:88:F6:29:A9:DE"",""RSSIs"":[-60,-60,-60,-60,-60,-60,-61,-61,-61,-60,-60,-60,-60,-60,-61,-61,-61,-61,-61,-61,-62,-62,-62,-62,-62,-62,-62,-62,-62,-62,-62,-62,-62,-62,-62]},{""BSSID"":""EE:AF:B9:2E:2C:33"",""RSSIs"":[-70,-70,-70,-70,-70,-70,-70,-70,-70,-68,-68,-68,-68,-70,-70,-70,-70,-70,-70,-70,-70,-70,-70,-70,-70,-70,-70,-70,-70,-70,-70]},{""BSSID"":""CE:E4:05:BE:70:CD"",""RSSIs"":[-70,-70,-70,-70,-70,-70,-74,-74,-74,-74,-74,-74,-74,-74,-74,-74,-74,-74,-74,-74,-74,-74,-74,-74,-74,-74,-74,-72,-72,-72]},{""BSSID"":""D2:8C:33:3D:CC:0C"",""RSSIs"":[-80,-80,-80,-80,-80,-80,-80,-88,-88,-88,-88,-88,-88,-80,-80,-80,-80,-80,-80,-80,-80,-80,-80,-80,-80,-80,-80,-80,-80,-80,-80,-80]}]"
61687bdb1ed3b6e16855e65f,,,,,,,,,,"[{""BSSID"":""C7:F8:C6:2F:15:BB"",""RSSIs"":[-48,-48,-48,-48,-48,-48,-48,-48,-48,-48,-48,-47,-47,-47,-47,-47,-47,-47,-47,-47,-47,-47,-47,-47,-47,-48,-48,-48,-48,-48]},{""BSSID"":""FD:82:B0:4C:91:BF"",""RSSIs"":[-51,-51,-51,-51,-51,-51,-51,-51,-51,-51,-51,-52,-52,-52,-52,-52,-51,-51,-51,-51,-51,-51,-51,-51,-51,-51,-51,-51,-51,-51,-52,-52,-52,-52]},{""BSSID"":""C3:88:F6:29:A9:DE"",""RSSIs"":[-62,-62,-62,-62,-62,-62,-62,-62,-62,-62,-64,-64,-64,-64,-64,-64,-62,-61,-61,-61,-61,-61,-61,-61,-61,-61,-61,-61,-61,-61,-61]},{""BSSID"":""EE:AF:B9:2E:2C:33"",""RSSIs"":[-69,-69,-69,-69,-69,-69,-69,-69,-69,-69,-69,-69,-69,-69,-69,-69,-69,-69,-69,-69]},{""BSSID"":""CE:E4:05:BE:70:CD"",""RSSIs"":[-71,-71,-71,-71,-71,-71,-71,-71,-71,-72,-72,-71,-71,-71,-71,-71,-71,-71,-71,-72,-72,-72,-72,-72,-72,-72,-71,-71,-70,-70,-70,-70,-70,-70,-70]},{""BSSID"":""D2:8C:33:3D:CC:0C"",""RSSIs"":[-81,-81,-81,-81,-81,-81,-81,-74,-74,-74,-74,-74,-74,-74,-74,-78,-78,-78,-78,-78,-78,-78,-78,-78,-78,-78,-78,-78,-78,-86,-86,-86]}]"
61687be61ed3b6e16855e660,,,,,,,,,,"[{""BSSID"":""C7:F8:C6:2F:15:BB"",""RSSIs"":[-47,-47,-47,-48,-48,-48,-48,-48,-48,-48,-48,-48,-48,-48,-48,-48,-46,-46,-46,-46,-46,-46,-46,-47,-47,-48,-48,-48,-49,-49,-49,-49,-49]},{""BSSID"":""FD:82:B0:4C:91:BF"",""RSSIs"":[-51,-51,-51,-51,-51,-51,-51,-51,-51,-51,-51,-51,-51,-51,-51,-52,-52,-52,-52,-52,-52,-51,-51,-51,-51,-51,-51,-51,-51,-51,-51,-51,-51,-51]},{""BSSID"":""C3:88:F6:29:A9:DE"",""RSSIs"":[-64,-64,-64,-64,-62,-62,-62,-62,-64,-64,-64,-64,-64,-64,-64,-64,-64,-62,-62,-62,-62,-62,-62,-62,-62,-62,-62,-62,-62,-62,-62,-62,-62,-62,-62]},{""BSSID"":""EE:AF:B9:2E:2C:33"",""RSSIs"":[-69,-69,-69,-69,-69,-69,-69,-69,-69,-69,-69,-69,-69,-69,-69,-69,-69,-69,-70,-70,-70,-70,-70,-69,-69,-69,-69,-69,-69,-70,-70,-70]},{""BSSID"":""CE:E4:05:BE:70:CD"",""RSSIs"":[-70,-70,-70,-70,-68,-68,-68,-68,-70,-70,-70,-70,-70,-70,-70,-70,-70,-71,-70,-70,-70,-70,-70,-70,-70,-70,-70,-70,-70]},{""BSSID"":""D2:8C:33:3D:CC:0C"",""RSSIs"":[-75,-75,-75,-82,-82,-82,-82,-82,-82,-82,-82,-82,-82,-82,-82,-82,-82,-82,-82,-81,-81,-81,-81,-81,-81,-81]}]"
61687c011ed3b6e16855e661,,,,,,,,,,"[{""BSSID"":""C7:F8:C6:2F:15:BB"",""RSSIs"":[-54,-54,-54,-54,-54,-54,-52,-52,-52,-52,-52,-51,-51,-51,-51,-51,-51,-51,-51,-51,-50,-50,-50,-50,-50,-50,-50,-50,-51,-51,-51,-51,-51,-51,-51]},{""BSSID"":""FD:82:B0:4C:91:BF"",""RSSIs"":[-53,-54,-54,-54,-54,-54,-54,-53,-53,-53,-53,-53,-53,-54,-54,-54,-54,-54,-54,-54,-54,-54,-54,-54,-54,-54,-53,-53,-53,-53,-53,-53,-53,-57]},{""BSSID"":""C3:88:F6:29:A9:DE"",""RSSIs"":[-66,-66,-66,-66,-66,-66,-66,-66,-67,-67,-67,-67,-67,-67,-67,-65,-65,-65,-65,-65,-65,-65,-65,-65,-65,-65,-65,-74,-74,-74,-74]},{""BSSID"":""CE:E4:05:BE:70:CD"",""RSSIs"":[-67,-67,-67,-67,-67,-67,-67,-67,-67,-67,-67,-67,-67,-67,-67,-67,-67,-67,-67,-67,-67,-69,-69,-69,-69,-69,-69,-67,-67,-67,-67,-67]},{""BSSID"":""D2:8C:33:3D:CC:0C"",""RSSIs"":[-70,-70,-70,-70,-70,-70,-70,-70,-70,-70,-70,-70]},{""BSSID"":""EE:AF:B9:2E:2C:33"",""RSSIs"":[-70,-70,-71,-71,-71,-71,-71,-71,-71,-71,-71,-71,-71,-71,-71,-71,-71,-71,-71,-71,-71,-70,-70,-70,-70,-70,-70,-70,-73,-73]}]"
61687c271ed3b6e16855e662,,,,,"[{""BSSID"":""C3:88:F6:29:A9:DE"",""RSSIs"":[-53,-53,-53,-53,-53,-53,-66,-66,-66,-66,-66,-66,-58,-58,-58,-58,-60,-60,-60,-60,-61,-61,-61,-61,-54,-54,-54,-54,-54,-55,-55,-55,-55,-55,-53]},{""BSSID"":""CE:E4:05:BE:70:CD"",""RSSIs"":[-65,-64,-64,-64,-64,-64,-64,-65,-65,-65,-64,-64,-64,-64,-64,-63,-63,-63,-65,-65,-65,-65,-65,-65,-65,-65,-65,-65,-64,-64,-64]},{""BSSID"":""D2:8C:33:3D:CC:0C"",""RSSIs"":[-65,-65,-67,-67,-67,-67,-67,-67,-67,-67,-67,-67,-67,-67,-67,-67,-67,-67,-65,-65,-65,-65,-65,-65,-65,-65,-65]},{""BSSID"":""FD:82:B0:4C:91:BF"",""RSSIs"":[-68,-68,-68,-68,-68,-68,-71,-71,-71,-71,-71,-71,-74,-74,-77,-77,-77,-77,-77,-77,-71,-71,-77,-77,-77,-77,-77,-77,-77,-77,-82,-82]},{""BSSID"":""C7:F8:C6:2F:15:BB"",""RSSIs"":[-75,-75,-75,-75,-75,-75,-75,-75,-75,-75,-75,-75,-85,-85,-85,-85,-85,-85,-85,-85,-76,-76,-76,-76,-76,-76,-76,-76,-76,-72,-72,-72,-72,-72]},{""BSSID"":""EE:AF:B9:2E:2C:33"",""RSSIs"":[-81,-81,-81,-81,-81,-89,-89,-89,-89,-89,-89,-89,-89,-89,-89,-89,-85,-85,-85,-85,-85,-85,-85,-85,-85,-85,-85,-85,-85,-81,-81,-81,-81]}]",,,,,
61687c3b1ed3b6e16855e663,,,,,"[{""BSSID"":""C3:88:F6:29:A9:DE"",""RSSIs"":[-54,-54,-54,-54,-54,-54,-54,-54,-54,-54,-53,-53,-53,-53,-54,-54,-54,-54,-54,-54,-54,-54,-54,-54,-54,-54,-54,-54,-54,-54,-54,-54,-54,-54,-54]},{""BSSID"":""CE:E4:05:BE:70:CD"",""RSSIs"":[-62,-62,-62,-62,-62,-62,-62,-63,-63,-63,-63,-63,-63,-63,-63,-63,-63,-63,-63,-63,-63,-63,-63,-63,-63,-63,-63,-69,-69,-69]},{""BSSID"":""D2:8C:33:3D:CC:0C"",""RSSIs"":[-69,-64,-64,-64,-64,-64,-64,-64,-64,-64,-64,-64,-64,-65,-65,-65,-65,-65,-65,-65,-65,-65,-65,-65,-65,-65,-65,-67,-67,-67,-67,-67]},{""BSSID"":""C7:F8:C6:2F:15:BB"",""RSSIs"":[-68,-68,-68,-68,-72,-72,-72,-72,-72,-72,-72,-72,-72,-71,-71,-71,-71,-71,-71,-71,-71,-71,-71,-71,-71,-71,-71,-71]},{""BSSID"":""FD:82:B0:4C:91:BF"",""RSSIs"":[-77,-77,-77,-77,-77,-77,-77,-77,-77,-77,-77,-77,-77,-77,-77,-73,-73,-73,-73,-73,-73,-73,-73,-73,-73,-70,-70,-70,-70]},{""BSSID"":""EE:AF:B9:2E:2C:33"",""RSSIs"":[-76,-78,-78,-78,-78,-78,-78,-80,-80,-80,-80,-80,-78,-78,-80,-80,-80,-80,-80,-80,-80,-80,-80,-80,-80,-80,-80,-80,-80,-80,-80,-80,-80,-80]}]",,,,,
61687c481ed3b6e16855e664,,,,,"[{""BSSID"":""C3:88:F6:29:A9:DE"",""RSSIs"":[-54,-54,-54,-54,-54,-54,-54,-54,-54,-54,-54,-53,-53,-53,-53,-53,-54,-54,-54,-54,-53,-53,-53,-53,-53,-53,-53,-53,-53,-53,-53,-53,-53,-53,-71]},{""BSSID"":""D2:8C:33:3D:CC:0C"",""RSSIs"":[-66,-66,-65,-65,-65,-65,-65,-66,-66,-66,-66,-66,-65,-65,-65,-65,-65,-65,-65,-63,-63,-63,-63,-63,-63,-63,-63,-63,-63,-64,-64,-64,-64]},{""BSSID"":""CE:E4:05:BE:70:CD"",""RSSIs"":[-66,-66,-66,-66,-66,-66,-64,-64,-64,-64,-64,-64,-64,-64,-64,-64,-64,-65,-65,-65,-65,-65,-65,-65,-65,-65,-71,-71]},{""BSSID"":""C7:F8:C6:2F:15:BB"",""RSSIs"":[-70,-70,-70,-70,-70,-70,-73,-73,-73,-73,-73,-73,-73,-73,-73,-73,-73,-73,-73,-73,-73,-73,-69,-69,-69,-69,-69,-69,-69]},{""BSSID"":""FD:82:B0:4C:91:BF"",""RSSIs"":[-70,-70,-70,-70,-70,-70,-70,-72,-72,-72,-72,-72,-72,-72,-78,-78,-78,-78,-78,-78,-78,-72,-72,-72,-72,-72,-70,-70,-72,-72,-72,-72,-72,-72]},{""BSSID"":""EE:AF:B9:2E:2C:33"",""RSSIs"":[-79,-79,-79,-79,-79,-79,-79,-79,-79,-79,-79,-79,-79,-79,-79,-79,-79,-79,-79,-79,-79,-79,-79,-78,-78,-78,-78,-77,-77,-77,-77,-77]}]",,,,,
61687c551ed3b6e16855e665,,,,,"[{""BSSID"":""C3:88:F6:29:A9:DE"",""RSSIs"":[-54,-54,-54,-54,-54,-52,-52,-52,-52,-52,-52,-52,-52,-52,-52,-53,-53,-53,-54,-54,-54,-54,-55,-55,-55,-55,-55,-55,-55,-61,-61,-61,-61]},{""BSSID"":""D2:8C:33:3D:CC:0C"",""RSSIs"":[-65,-65,-65,-65,-65,-65,-65,-68,-68,-68,-68,-68,-68,-69,-69,-69,-65,-65,-65,-65,-65,-65,-63]},{""BSSID"":""CE:E4:05:BE:70:CD"",""RSSIs"":[-64,-64,-64,-64,-63,-63,-63,-63,-63,-63,-63,-63,-63,-64,-64,-64,-64,-64,-64,-64,-64,-64,-63,-63,-63,-63,-76,-76,-76,-76,-76,-76,-76,-76]},{""BSSID"":""C7:F8:C6:2F:15:BB"",""RSSIs"":[-70,-70,-70,-70,-70,-70,-70,-71,-71,-71,-71,-71,-71,-71,-71,-71,-71,-71,-71,-71,-71,-71,-71,-71,-69,-69,-69,-69,-69]},{""BSSID"":""EE:AF:B9:2E:2C:33"",""RSSIs"":[-79,-79,-79,-79,-79,-79,-79,-79,-78,-78,-78,-80,-80,-80,-80,-80,-80,-80,-79,-79,-79,-79,-79,-79,-79,-79,-79,-79,-79,-79,-79,-79,-79,-79,-79]},{""BSSID"":""FD:82:B0:4C:91:BF"",""RSSIs"":[-85,-85,-85,-85,-85,-83,-85,-85,-85,-85,-85,-85,-85,-85,-85,-85,-75,-75,-75,-75,-75,-75,-75,-76,-76]}]",,,,,
61687c611ed3b6e16855e666,,,,,"[{""BSSID"":""C3:88:F6:29:A9:DE"",""RSSIs"":[-54,-54,-54,-54,-54,-52,-52,-52,-52,-52,-52,-52,-53,-53,-53,-53,-53,-53,-53,-53,-53,-53,-53,-53,-53,-53,-53,-53,-53,-53]},{""BSSID"":""D2:8C:33:3D:CC:0C"",""RSSIs"":[-63,-63,-63,-63,-63,-63,-63,-63,-63,-63,-63,-63,-63,-63,-63,-63,-63,-63,-63,-63,-63,-63,-63,-63,-63,-64,-64,-64,-64,-64,-64,-63,-63]},{""BSSID"":""CE:E4:05:BE:70:CD"",""RSSIs"":[-62,-62,-62,-63,-63,-63,-63,-63,-65,-64,-64,-64,-64,-64,-63,-63,-63,-63,-63,-63,-63,-64,-64,-64,-64,-64,-64,-64,-72,-72,-72,-72,-70,-70,-70]},{""BSSID"":""C7:F8:C6:2F:15:BB"",""RSSIs"":[-69,-69,-69,-70,-70,-70,-70,-70,-70,-70,-70,-70,-70,-70,-70,-70,-70,-70,-70,-70,-70,-67,-67,-67,-67,-67,-67,-68,-68,-68,-68]},{""BSSID"":""FD:82:B0:4C:91:BF"",""RSSIs"":[-73,-73,-73,-73,-73,-73,-73,-73,-73,-73,-73,-73,-73,-73,-73,-73,-73,-73,-73,-73,-73,-73,-73,-73,-73,-75,-75,-75,-74,-74,-74,-74,-74,-74]},{""BSSID"":""EE:AF:B9:2E:2C:33"",""RSSIs"":[-79,-79,-79,-79,-79,-80,-80,-80,-80,-80,-80,-80,-80,-80,-80,-80,-80,-80,-80,-80,-80,-78]}]",,,,,
61687c901ed3b6e16855e667,,,,,,,,"[{""BSSID"":""C7:F8:C6:2F:15:BB"",""RSSIs"":[-62,-62,-62,-62,-62,-62,-63,-63,-63,-63,-63,-63,-63,-63,-63,-63,-63,-63,-63,-63,-63,-63,-63,-63,-63,-63,-62,-62,-62,-62,-62,-62]},{""BSSID"":""FD:82:B0:4C:91:BF"",""RSSIs"":[-64,-65,-65,-65,-65,-65,-67,-67,-67,-67,-67,-67,-67,-67,-64,-64,-64,-64,-64,-64,-62,-62,-62,-62,-62,-62,-62,-64,-64,-64,-70,-70,-70,-70,-70]},{""BSSID"":""CE:E4:05:BE:70:CD"",""RSSIs"":[-69,-69,-67,-67,-67,-67,-67,-67,-66,-66,-66,-66,-66,-66,-66,-66,-66,-66,-66,-66,-70,-70,-70,-70,-70,-70,-70,-70,-73,-73]},{""BSSID"":""C3:88:F6:29:A9:DE"",""RSSIs"":[-66,-66,-66,-66,-71,-71,-71,-71,-71,-71,-71,-71,-67,-67,-67,-67,-67,-64,-70,-70,-66,-66,-66,-66,-75,-75,-75,-75,-75,-75,-72]},{""BSSID"":""EE:AF:B9:2E:2C:33"",""RSSIs"":[-74,-74,-74,-74,-74,-74,-74,-74,-72,-72,-72,-72,-72,-72,-72,-72,-70,-70,-70,-70,-70,-70,-70,-70,-70]},{""BSSID"":""D2:8C:33:3D:CC:0C"",""RSSIs"":[-78,-78,-78,-78,-78,-78,-78,-78,-78,-78,-81,-81,-81,-81,-81,-81,-81,-83,-83,-83,-83,-83,-83,-83,-83,-83,-83,-83,-83,-63,-62,-62,-62]}]",,
61687ca81ed3b6e16855e668,,,,,,,,"[{""BSSID"":""C7:F8:C6:2F:15:BB"",""RSSIs"":[-65,-65,-65,-65,-62,-62,-62,-62,-62,-62,-62,-62,-62,-62,-62,-62,-63,-64,-64,-64,-64,-65,-65,-65,-65,-65,-65,-65,-65,-65,-65,-66,-66,-66]},{""BSSID"":""FD:82:B0:4C:91:BF"",""RSSIs"":[-62,-62,-62,-62,-64,-64,-64,-64,-64,-64,-64,-65,-65,-65,-65,-65,-65,-65,-65,-65,-65,-64,-64,-64,-64,-64,-64,-65,-65,-65,-65,-65,-65,-64,-64]},{""BSSID"":""C3:88:F6:29:A9:DE"",""RSSIs"":[-64,-64,-64,-64,-64,-64,-64,-64,-71,-70,-70,-70,-70,-70,-70,-70,-63,-63,-63,-63,-63,-63,-63,-63,-63,-63,-63,-63]},{""BSSID"":""CE:E4:05:BE:70:CD"",""RSSIs"":[-73,-73,-73,-73,-73,-73,-73,-73,-73,-67,-67,-67,-67,-67,-67,-67,-67,-67,-67,-67,-67,-67,-67,-67,-67,-67,-69,-69,-69,-69,-69,-69]},{""BSSID"":""EE:AF:B9:2E:2C:33"",""RSSIs"":[-73,-73,-73,-73,-74,-74,-74,-74,-74,-74,-74,-74,-74,-74,-74,-74,-74,-72,-72,-72,-72,-72,-72,-72,-72,-72,-72,-72,-72,-72,-72,-72,-72]},{""BSSID"":""D2:8C:33:3D:CC:0C"",""RSSIs"":[-76,-76,-76,-76,-80,-80,-80,-80,-80,-80,-80,-80,-80,-80,-80,-80,-80,-80,-80,-82,-82,-82,-82,-82,-82,-63]}]",,
61687cb51ed3b6e16855e669,,,,,,,,"[{""BSSID"":""FD:82:B0:4C:91:BF"",""RSSIs"":[-62,-62,-65,-65,-65,-65,-65,-65,-65,-65,-65,-65,-65,-65,-65,-65,-65,-65,-65,-65,-65,-65,-65,-65,-65,-65,-65,-65,-79,-79,-79,-79,-79]},{""BSSID"":""C7:F8:C6:2F:15:BB"",""RSSIs"":[-66,-66,-66,-66,-66,-66,-66,-66,-66,-66,-66,-68,-68,-68,-68,-68,-68,-68,-68,-68,-68,-68,-68,-68,-68,-68,-68,-68,-68,-68]},{""BSSID"":""CE:E4:05:BE:70:CD"",""RSSIs"":[-69,-69,-69,-69,-69,-69,-68,-68,-68,-68,-68,-68,-68,-68,-68,-67,-67,-67,-68,-68,-68,-68,-68,-68,-69,-69,-69,-69,-69,-69,-69,-69]},{""BSSID"":""C3:88:F6:29:A9:DE"",""RSSIs"":[-69,-69,-69,-69,-69,-69,-69,-69,-69,-69,-69,-69,-69,-69,-69,-69,-69,-69,-69,-69,-69,-69,-69,-76,-76]},{""BSSID"":""EE:AF:B9:2E:2C:33"",""RSSIs"":[-75,-75,-75,-75,-75,-75,-72,-72,-72,-72,-72,-72,-72,-72,-72,-72,-72,-72,-72,-72,-72,-72,-72,-72,-72,-72,-72,-72,-72,-72,-72,-72,-72,-72,-72]},{""BSSID"":""D2:8C:33:3D:CC:0C"",""RSSIs"":[-86,-86,-86,-86,-86,-86,-78,-78,-78,-78,-78,-78,-78,-78,-78,-78,-78,-78,-78,-78,-78,-78,-78,-78,-78,-78,-78,-78,-79,-79,-79,-63,-63,-63]}]",,
61687ccf1ed3b6e16855e66a,,,,,,,,"[{""BSSID"":""C3:88:F6:29:A9:DE"",""RSSIs"":[-54,-54,-54,-54,-54,-54,-54,-54,-54,-54,-54,-54,-54,-54,-54,-54,-54,-54,-54,-54,-54,-54,-54,-53,-53,-53,-53,-53,-53,-53,-54,-54,-54,-54,-54]},{""BSSID"":""C7:F8:C6:2F:15:BB"",""RSSIs"":[-60,-60,-60,-60,-60,-60,-60,-60,-60,-60,-60,-60,-60,-60,-60,-60,-60,-60,-60,-60,-60,-60,-60,-60,-60,-60,-60,-60,-60,-60,-60,-60,-60,-60]},{""BSSID"":""FD:82:B0:4C:91:BF"",""RSSIs"":[-61,-61,-61,-61,-61,-66,-66,-66,-64,-64,-64,-64,-64,-64,-64,-64,-64,-64,-64,-64,-64,-61,-61,-61,-60,-60,-60,-60,-60,-60]},{""BSSID"":""D2:8C:33:3D:CC:0C"",""RSSIs"":[-81,-81,-81,-81,-81,-81,-83,-83,-83,-83,-83,-83,-74,-74,-74,-74,-74,-74,-74,-77,-77,-77,-77,-77,-77,-60,-60,-60,-60,-60,-60,-60]},{""BSSID"":""EE:AF:B9:2E:2C:33"",""RSSIs"":[-74,-74,-74,-74,-76,-76,-74,-74,-74,-74,-74,-74,-74,-74,-74,-74,-74,-74,-74,-74,-74,-74,-74,-74,-74,-74,-74,-74,-74,-74,-74,-81,-81]},{""BSSID"":""CE:E4:05:BE:70:CD"",""RSSIs"":[-87,-87,-87,-87,-87,-87,-78,-78,-78,-78,-78,-78,-78,-78,-78,-78,-72,-72,-72,-72,-72,-72,-72,-72]}]",,
61687cde1ed3b6e16855e66b,,,,,,,,"[{""BSSID"":""C3:88:F6:29:A9:DE"",""RSSIs"":[-54,-54,-54,-54,-54,-54,-54,-54,-54,-54,-53,-53,-53,-53,-53,-53,-53,-54,-54,-54,-54,-54,-54,-54,-54,-53,-53,-53,-53,-53,-53,-53,-53]},{""BSSID"":""C7:F8:C6:2F:15:BB"",""RSSIs"":[-61,-61,-61,-60,-60,-60,-61,-61,-61,-61,-61,-61,-61,-61,-61,-61,-62,-62,-62,-62,-62,-62,-62,-62,-62]},{""BSSID"":""FD:82:B0:4C:91:BF"",""RSSIs"":[-66,-66,-65,-65,-65,-65,-65,-65,-65,-65,-65,-65,-61,-61,-61,-60,-60,-60,-60,-60,-60,-60,-60,-60,-60,-60]},{""BSSID"":""D2:8C:33:3D:CC:0C"",""RSSIs"":[-82,-82,-82,-82,-82,-77,-77,-77,-77,-77,-77,-77,-77,-77,-77,-80,-80,-81,-81,-81,-81,-81,-81,-58,-58,-58,-58,-58,-58,-58,-58,-58,-58,-58,-58]},{""BSSID"":""EE:AF:B9:2E:2C:33"",""RSSIs"":[-77,-77,-77,-77,-77,-74,-74,-74,-74,-74,-74,-74,-74,-74,-74,-74,-74,-74,-74,-74,-74,-74,-74,-74,-74,-81,-81,-81,-81,-81,-81,-81]},{""BSSID"":""CE:E4:05:BE:70:CD"",""RSSIs"":[-84,-84,-84,-84,-84,-82,-82,-82,-82,-82,-82,-82,-82,-82,-82,-82,-82,-82,-82,-82,-82,-72,-72,-72,-72,-72,-72,-72,-72,-72,-72,-72,-72,-72]}]",,
61687d061ed3b6e16855e66c,,,"[{""BSSID"":""C7:F8:C6:2F:15:BB"",""RSSIs"":[-54,-54,-54,-54,-54,-54,-54,-54,-54,-54,-54,-54,-54,-61,-61,-56,-56,-56,-60,-60,-60,-60,-58,-58,-57,-57,-60,-60,-60,-66]},{""BSSID"":""FD:82:B0:4C:91:BF"",""RSSIs"":[-58,-58,-58,-58,-58,-58,-58,-64,-64,-64,-64,-64,-64,-60,-60,-63,-63,-63,-63,-63,-63,-63,-63,-63,-58,-58,-58,-58,-58,-58,-58,-58,-58,-58]},{""BSSID"":""C3:88:F6:29:A9:DE"",""RSSIs"":[-57,-57,-57,-57,-57,-57,-57,-57,-68,-68,-68,-68,-68,-76,-76,-76,-76,-76,-69,-69,-69,-69,-65,-65,-65,-65,-65,-65,-65,-58,-58]},{""BSSID"":""D2:8C:33:3D:CC:0C"",""RSSIs"":[-66,-66,-66]},{""BSSID"":""CE:E4:05:BE:70:CD"",""RSSIs"":[-70,-70,-70,-66,-66,-66,-66,-66,-66,-66,-69,-69,-69,-69,-69,-67,-67,-67,-67,-67,-67,-67,-67,-67,-79,-79,-79,-79,-66,-66,-66,-66,-66,-66,-66]},{""BSSID"":""EE:AF:B9:2E:2C:33"",""RSSIs"":[-78,-78,-78,-78,-78,-78,-73,-73,-73,-73,-73,-73,-73,-73,-88,-88,-88,-88,-88,-88,-88,-88,-88,-75,-75,-75,-75,-75]}]",,,,,,,
61687d171ed3b6e16855e66d,,,"[{""BSSID"":""FD:82:B0:4C:91:BF"",""RSSIs"":[-55,-55,-55,-55,-55,-55,-55,-55,-55,-55,-55,-55,-55,-55,-55,-55,-55,-61,-60,-60,-60,-60,-60,-66,-66,-66,-66,-66,-66,-58,-58,-58,-57]},{""BSSID"":""C7:F8:C6:2F:15:BB"",""RSSIs"":[-58,-58,-58,-58,-63,-58,-58,-58,-61,-61,-61,-58,-58,-58,-58,-58,-58,-58,-58,-58,-58,-58,-58,-58,-58,-58,-64,-64,-64,-64,-64,-64]},{""BSSID"":""C3:88:F6:29:A9:DE"",""RSSIs"":[-71,-71,-71,-71,-70,-70,-70,-64,-64,-64,-64,-69,-69,-69,-69,-66,-66,-66,-66,-66,-66,-66,-58,-58,-58,-58,-58,-58,-58]},{""BSSID"":""D2:8C:33:3D:CC:0C"",""RSSIs"":[-69,-69,-69,-69,-69,-69,-69,-69,-69,-69,-69,-69,-65,-65,-65,-65,-65,-65,-67,-67,-67,-67,-62,-62,-62,-62,-62,-62,-64,-64,-64]},{""BSSID"":""CE:E4:05:BE:70:CD"",""RSSIs"":[-68,-78,-78,-78,-78,-75,-75,-75,-75,-75,-75,-75,-72,-72,-72,-70,-70,-70,-70,-70,-70,-70,-70,-70,-70,-70,-70,-69,-69,-69,-69,-69,-69,-66,-66]},{""BSSID"":""EE:AF:B9:2E:2C:33"",""RSSIs"":[-72,-72,-72,-72,-72,-72,-72,-72,-72,-72,-72,-72,-72,-72,-79,-79,-79,-79,-79,-79,-79,-76,-76,-76,-76,-76]}]",,,,,,,
61687d251ed3b6e16855e66e,,,"[{""BSSID"":""FD:82:B0:4C:91:BF"",""RSSIs"":[-58,-58,-58,-60,-60,-60,-60,-60,-60,-60,-60,-60,-60,-60,-60,-60,-60,-57,-60,-60,-60,-60,-60,-60,-60,-60,-58,-58,-58]},{""BSSID"":""C7:F8:C6:2F:15:BB"",""RSSIs"":[-62,-62,-62,-62,-62,-62,-62,-62,-62,-56,-56,-56,-56,-56,-56,-58,-58,-58,-58,-58,-58,-58,-58,-60,-60,-60,-63,-63,-63,-63,-63,-63]},{""BSSID"":""C3:88:F6:29:A9:DE"",""RSSIs"":[-65,-65,-65,-65,-65,-65,-65,-65,-65,-65,-65,-65,-65,-65,-65,-65,-65,-65,-65,-70,-70,-70,-70,-70,-70,-55,-55,-55,-55,-55,-55,-56,-56]},{""BSSID"":""D2:8C:33:3D:CC:0C"",""RSSIs"":[-74,-74,-74,-74,-74,-74,-74,-70,-66,-66,-66,-66,-66,-66,-66,-66,-66,-66,-66,-66,-76,-76,-76,-76,-76,-76,-76,-76,-64,-64,-64,-64,-64,-64,-64]},{""BSSID"":""CE:E4:05:BE:70:CD"",""RSSIs"":[-67,-67,-67,-67,-67,-67,-67,-67,-67,-67,-74,-74,-74,-74,-70,-70,-70,-70,-70,-70,-70,-67,-67,-67,-82,-82,-82,-82,-82,-82,-64,-64,-64,-64]},{""BSSID"":""EE:AF:B9:2E:2C:33"",""RSSIs"":[-80,-76,-76,-76,-76,-76,-76,-76,-76,-76,-78,-78,-78,-78,-78,-81,-81,-81,-81,-81,-81,-81,-81,-81,-81,-81,-75,-75,-75,-75,-75]}]",,,,,,,
61687d3f1ed3b6e16855e66f,,,"[{""BSSID"":""FD:82:B0:4C:91:BF"",""RSSIs"":[-61,-61,-61,-55,-68,-68,-68,-68,-68,-68,-68,-68,-68,-68,-68,-68,-68,-57,-57,-57,-57,-57,-57,-57,-57,-56,-56,-56,-56,-56,-56,-56,-56,-56]},{""BSSID"":""C3:88:F6:29:A9:DE"",""RSSIs"":[-62,-62,-62,-62,-62,-62,-62,-66,-66,-66,-66,-66,-66,-66,-66,-66,-65,-65,-65,-65,-65,-65,-65,-65,-55,-55,-55,-54,-54]},{""BSSID"":""C7:F8:C6:2F:15:BB"",""RSSIs"":[-57,-57,-57,-58,-58,-58,-58,-58,-62,-62,-61,-61,-61,-61,-66,-70,-70,-70,-70,-70,-70,-70,-70,-63,-63,-63,-63,-63,-63,-63,-63,-61,-61,-61,-61]},{""BSSID"":""D2:8C:33:3D:CC:0C"",""RSSIs"":[-66,-66,-66,-66,-66,-64,-64,-64,-64,-64,-64,-64,-64,-64,-64,-65,-65,-67,-67,-67,-67,-67,-67,-67,-67,-62,-62,-62,-62,-62,-62,-62,-62]},{""BSSID"":""CE:E4:05:BE:70:CD"",""RSSIs"":[-70,-70,-70,-70,-70,-70,-70,-70,-70,-70,-70,-70,-70,-70,-70,-70,-65,-65,-65,-65,-65,-65,-65]},{""BSSID"":""EE:AF:B9:2E:2C:33"",""RSSIs"":[-73,-73,-80,-80,-80,-80,-80,-80,-80,-80,-80,-80,-80,-80,-80,-83,-83,-83,-83,-83,-83,-83,-83,-74,-74,-74]}]",,,,,,,
61687d591ed3b6e16855e670,,,"[{""BSSID"":""C7:F8:C6:2F:15:BB"",""RSSIs"":[-54,-54,-54,-54,-58,-58,-58,-58,-58,-58,-58,-58,-58,-58,-58,-58,-58,-58,-54,-54,-60,-60,-60,-60,-60,-60,-60,-65,-65,-65,-65]},{""BSSID"":""FD:82:B0:4C:91:BF"",""RSSIs"":[-56,-54,-54,-54,-54,-56,-56,-56,-56,-56,-56,-66,-66,-66,-66,-66,-66,-66,-61,-61,-61,-61,-61,-61,-61,-61,-61,-58,-60,-60,-60,-60,-60,-60,-60]},{""BSSID"":""D2:8C:33:3D:CC:0C"",""RSSIs"":[-69,-69,-69,-69,-69,-69,-69,-69,-63,-63,-63,-63,-63,-63,-63,-63,-63,-63,-63,-63,-63,-63,-63,-63,-63,-63,-63,-63,-65,-65,-65,-65,-65]},{""BSSID"":""C3:88:F6:29:A9:DE"",""RSSIs"":[-69,-69,-69,-69,-69,-66,-72,-72,-72,-72,-70,-70,-70,-70,-56,-56,-56,-56,-56,-57]},{""BSSID"":""CE:E4:05:BE:70:CD"",""RSSIs"":[-64,-64,-64,-69,-69,-69,-69,-69,-69,-71,-71,-71,-71,-71,-71,-71,-69,-69,-69,-69,-69,-69,-69,-85,-85,-85,-85,-85,-85,-68,-68,-68]},{""BSSID"":""EE:AF:B9:2E:2C:33"",""RSSIs"":[-74,-74,-74,-74,-74,-74,-74,-74,-77,-77,-77,-77,-77,-77,-80,-80,-80,-80,-80,-80,-80,-80,-80,-80,-76,-76]}]",,,,,,,
61687d9c1ed3b6e16855e671,,,,,,,"[{""BSSID"":""CE:E4:05:BE:70:CD"",""RSSIs"":[-54,-54,-54,-54,-54,-53,-53,-53,-53,-53,-53,-52,-52,-52,-52,-52,-52,-52,-52,-52,-52,-52,-52,-52,-52,-51,-51,-51,-51,-51,-51,-51,-51,-51]},{""BSSID"":""C7:F8:C6:2F:15:BB"",""RSSIs"":[-57,-57,-57,-57,-57,-64,-64,-64,-62,-62,-62,-60,-60,-60,-60,-60,-60,-60,-60,-60,-61,-61,-61,-61,-61,-61,-61,-61,-61,-61,-61,-61]},{""BSSID"":""FD:82:B0:4C:91:BF"",""RSSIs"":[-66,-66,-62,-62,-62,-62,-62,-62,-67,-67,-67,-67,-67,-67,-67,-65,-65,-65,-65,-65,-65,-65,-65,-75,-75,-75,-67,-67,-67,-67,-67,-65,-65]},{""BSSID"":""D2:8C:33:3D:CC:0C"",""RSSIs"":[-69,-69,-69,-69,-69,-69,-69,-69,-69,-69,-69,-69,-69,-66,-66,-66,-66,-66,-66,-66,-66,-66,-65,-65,-65,-65,-65,-62,-62,-63]},{""BSSID"":""C3:88:F6:29:A9:DE"",""RSSIs"":[-64,-64,-64,-64,-64,-64,-64,-68,-68,-68,-68,-68,-68,-68,-68,-68,-68,-68,-68,-68,-69,-69,-69,-69,-69,-69,-69,-69,-69,-69,-63,-63,-63,-63,-63]},{""BSSID"":""EE:AF:B9:2E:2C:33"",""RSSIs"":[-69,-69,-69,-69,-72,-72,-72,-72,-72,-72,-72,-72,-72,-72,-72,-70,-70,-70,-70,-70,-70,-70,-69,-69,-69,-69]}]",,,
61687dac1ed3b6e16855e672,,,,,,,"[{""BSSID"":""CE:E4:05:BE:70:CD"",""RSSIs"":[-50,-50,-50,-50,-50,-50,-53,-53,-53,-53,-53,-53,-53,-53,-54,-54,-54,-54,-54,-54,-52,-52,-52,-52,-52,-54,-54,-54,-54,-54,-54,-52,-52,-52,-52]},{""BSSID"":""FD:82:B0:4C:91:BF"",""RSSIs"":[-61,-61,-61,-61,-61,-61,-61,-61,-61,-62,-62,-62,-62,-62,-62,-62,-62,-64,-63,-63,-63,-63,-63,-63,-63,-63]},{""BSSID"":""C3:88:F6:29:A9:DE"",""RSSIs"":[-62,-62,-62,-62,-62,-62,-62,-62,-62,-61,-61,-61,-61,-59,-59,-59,-59,-59,-59,-59,-61,-61,-61,-61,-61,-61,-68,-68,-68,-68,-68,-68,-68]},{""BSSID"":""C7:F8:C6:2F:15:BB"",""RSSIs"":[-66,-66,-66,-66,-66,-66,-66,-65,-65,-65,-65,-65,-65,-65,-65,-63,-63,-63,-68,-68,-68,-68,-60,-60,-60,-60,-60,-60,-61,-61,-61,-61,-61,-61]},{""BSSID"":""EE:AF:B9:2E:2C:33"",""RSSIs"":[-70,-70,-70,-70,-70,-70,-70,-72,-72,-72,-72,-72,-72,-72,-72,-72,-72,-72,-72,-72,-72,-70,-70,-70,-70,-70,-70,-67,-67,-67,-67,-67]},{""BSSID"":""D2:8C:33:3D:CC:0C"",""RSSIs"":[-70,-66,-66,-66,-66,-66,-66,-66,-66,-77,-77,-77,-77,-77,-77,-77,-77,-70,-70,-70,-70,-70,-70,-70,-70,-70,-70,-70,-70,-70,-63]}]",,,
61687db91ed3b6e16855e673,,,,,,,"[{""BSSID"":""CE:E4:05:BE:70:CD"",""RSSIs"":[-51,-51,-51,-53,-53,-53,-53,-53,-53,-53,-53,-53,-54,-54,-54,-54,-54,-54,-54,-53,-53,-54,-54,-54,-54,-54,-55,-55,-55,-55,-54,-54,-54,-54]},{""BSSID"":""C3:88:F6:29:A9:DE"",""RSSIs"":[-60,-60,-60,-60,-60,-60,-62,-62,-62,-62,-61,-61,-61,-61,-63,-63,-63,-63,-63,-63,-63,-63,-63,-63,-63,-63,-63,-63,-63,-63,-70,-70,-70]},{""BSSID"":""FD:82:B0:4C:91:BF"",""RSSIs"":[-58,-65,-65,-65,-65,-55,-58,-58,-58,-58,-58,-58,-58,-58,-58,-58,-71,-71,-71,-71,-71,-71,-71,-71,-71,-71,-71,-71,-71,-76]},{""BSSID"":""C7:F8:C6:2F:15:BB"",""RSSIs"":[-63,-63,-63,-63,-63,-63,-67,-67,-67,-67,-67,-72,-72,-72,-69,-69,-69,-69,-69,-69,-63,-63,-63,-63,-63,-63,-64,-64,-64,-64,-65,-65]},{""BSSID"":""EE:AF:B9:2E:2C:33"",""RSSIs"":[-69,-69,-69,-69,-69,-69,-69,-69,-70,-70,-70,-70,-71,-71,-71,-71,-71,-70,-70,-70,-70,-69,-69,-69,-69,-69,-69,-69]},{""BSSID"":""D2:8C:33:3D:CC:0C"",""RSSIs"":[-74,-74,-74,-74,-74,-74,-74,-74,-74,-74,-74,-74,-74,-74,-74,-74,-74,-74,-68,-68,-68,-68,-68,-68,-68,-71,-73,-73,-73,-73,-74,-74,-74,-74,-74]}]",,,
61687dce1ed3b6e16855e674,,,,,,,"[{""BSSID"":""CE:E4:05:BE:70:CD"",""RSSIs"":[-51,-51,-51,-51,-51,-60,-60,-60,-60,-60,-60,-60,-60,-53,-53,-53,-52,-52,-52,-52,-52,-54,-54,-54,-54,-54,-54,-52,-52,-52,-52]},{""BSSID"":""FD:82:B0:4C:91:BF"",""RSSIs"":[-56,-56,-56,-56,-56,-56,-56,-56,-56,-56,-56,-56,-56,-56,-56,-56,-56,-56,-65,-65,-65,-65,-65,-66,-66,-66,-66,-66,-66]},{""BSSID"":""C3:88:F6:29:A9:DE"",""RSSIs"":[-60,-60,-60,-60,-60,-60,-60,-60,-63,-63,-63,-63,-64,-64,-64,-64,-60,-60,-60,-60,-60,-60,-60,-60,-60,-60,-60,-60,-60,-60,-60,-60,-70]},{""BSSID"":""C7:F8:C6:2F:15:BB"",""RSSIs"":[-76,-76,-76,-76,-76,-76,-76,-76,-63,-63,-63,-63,-60,-60,-60,-60,-60,-60,-63,-61,-61,-61,-61,-63,-62,-62,-62,-62,-62,-62,-62,-62]},{""BSSID"":""D2:8C:33:3D:CC:0C"",""RSSIs"":[-70,-70,-70,-70,-70,-70,-70,-70,-70,-70,-70,-66,-66,-66,-66,-66,-66,-66,-65,-65,-65,-65,-65,-65,-65,-65,-65,-65,-65,-63,-63,-63,-63,-63]},{""BSSID"":""EE:AF:B9:2E:2C:33"",""RSSIs"":[-72,-72,-72,-72,-72,-67,-67,-67,-73,-73,-73,-73,-73,-70,-70,-70,-68,-68,-68,-68,-68,-68,-68,-69,-69,-69,-69,-69,-69,-69,-69,-69,-69,-69,-69]}]",,,
61687dda1ed3b6e16855e675,,,,,,,"[{""BSSID"":""CE:E4:05:BE:70:CD"",""RSSIs"":[-52,-52,-52,-52,-52,-52,-52,-52,-52,-52,-53,-53,-53,-53,-53,-53,-53,-53,-53,-53,-53,-53,-53,-53,-52]},{""BSSID"":""FD:82:B0:4C:91:BF"",""RSSIs"":[-57,-57,-57,-57,-57,-57,-57,-57,-57,-60,-60,-60,-60,-60,-60,-60,-60,-60,-60,-60,-60,-60,-60,-63,-63,-63,-63,-63,-66,-66]},{""BSSID"":""C3:88:F6:29:A9:DE"",""RSSIs"":[-62,-62,-62,-62,-62,-62,-62,-64,-64,-64,-64,-60,-60,-60,-60,-63,-63,-63,-60,-60,-60,-60,-60,-60,-61,-61,-61,-61,-61,-61,-61,-61,-61,-61,-61]},{""BSSID"":""C7:F8:C6:2F:15:BB"",""RSSIs"":[-65,-65,-65,-65,-65,-65,-65,-65,-65,-65,-65,-70,-70,-70,-70,-64,-64,-64,-64,-64,-64,-61,-61,-61,-63,-63,-63,-63,-63,-63,-63,-63,-63,-63]},{""BSSID"":""EE:AF:B9:2E:2C:33"",""RSSIs"":[-74,-74,-70,-70,-70,-70,-70,-70,-70,-70,-70,-74,-74,-74,-74,-74,-74,-69,-69,-69,-69,-69,-69,-69,-69,-69,-69,-69,-69,-67,-67,-67,-67]},{""BSSID"":""D2:8C:33:3D:CC:0C"",""RSSIs"":[-76,-76,-76,-76,-76,-76,-76,-76,-70,-70,-70,-70,-70,-70,-70,-70,-70,-70,-70,-70,-70,-70,-70,-63,-63,-63]}]",,,
61687df81ed3b6e16855e676,,"[{""BSSID"":""C3:88:F6:29:A9:DE"",""RSSIs"":[-60,-60,-60,-60,-60,-60,-60,-60,-60,-60,-60,-60,-63,-63,-63,-65,-65,-65,-65,-63,-63,-63,-63,-63,-63,-61,-61,-61,-61,-61,-61,-61,-61,-61]},{""BSSID"":""C7:F8:C6:2F:15:BB"",""RSSIs"":[-61,-61,-61,-61,-61,-61,-60,-58,-58,-58,-58,-58,-60,-60,-60,-58,-58,-58,-58,-67,-67,-67,-67,-67,-67,-67,-67,-67,-67,-67,-67,-57,-57]},{""BSSID"":""FD:82:B0:4C:91:BF"",""RSSIs"":[-64,-64,-64,-64,-64,-64,-64,-64,-64,-64,-64,-64,-64,-64,-64,-64,-64,-64,-62,-62,-62,-62,-62,-62,-60,-60,-61,-61,-61,-61,-61]},{""BSSID"":""CE:E4:05:BE:70:CD"",""RSSIs"":[-68,-74,-74,-74,-74,-74,-74,-75,-75,-75,-75,-75,-75,-75,-69,-69,-69,-69,-69,-69,-69,-69,-75,-75,-75,-75,-75,-72,-72,-72]},{""BSSID"":""D2:8C:33:3D:CC:0C"",""RSSIs"":[-75,-75,-75,-75,-75,-75,-75,-75,-75,-75,-75,-75,-75,-75,-75,-79,-79,-79,-79,-79,-79,-79,-79,-79,-79,-79,-79,-79,-79,-79,-79,-79]},{""BSSID"":""EE:AF:B9:2E:2C:33"",""RSSIs"":[-80,-80,-80,-80,-80,-80,-80,-80,-80,-80,-76,-76,-76,-76,-76,-78,-78,-78,-78,-78,-78,-78,-78,-93,-79,-79,-79,-79,-79,-79,-79,-81,-81,-81,-80]}]",,,,,,,,
61687e111ed3b6e16855e677,,"[{""BSSID"":""FD:82:B0:4C:91:BF"",""RSSIs"":[-60,-60,-60,-60,-60,-60,-60,-60,-60,-60,-60,-60,-64,-64,-64,-64,-64,-64,-62,-62,-62,-62,-62,-63,-63,-63,-63,-63,-63,-63,-62,-69,-69,-69,-69]},{""BSSID"":""C7:F8:C6:2F:15:BB"",""RSSIs"":[-62,-62,-62,-65,-65,-65,-60,-60,-60,-60,-60,-60,-66,-66,-66,-66,-66,-63,-63,-63,-63,-63,-63,-63,-63,-63,-63,-63,-63,-63,-63,-63,-63]},{""BSSID"":""C3:88:F6:29:A9:DE"",""RSSIs"":[-65,-65,-65,-64,-64,-64,-64,-62,-62,-65,-65,-65,-65,-64,-64,-64,-64,-64,-65,-65,-65,-63,-63,-63,-63,-63,-63,-63,-63,-63,-74]},{""BSSID"":""D2:8C:33:3D:CC:0C"",""RSSIs"":[-73,-73,-73,-73,-73,-73,-73,-73,-73,-73,-73,-73,-83,-83,-83]},{""BSSID"":""CE:E4:05:BE:70:CD"",""RSSIs"":[-68,-68,-68,-68,-68,-68,-68,-68,-70,-70,-70,-70,-70,-70,-70,-82,-82,-82,-82,-82,-82,-82,-82,-82,-82,-82,-82,-82,-82,-82,-82,-82,-80,-80]},{""BSSID"":""EE:AF:B9:2E:2C:33"",""RSSIs"":[-76,-76,-76,-76,-76,-76,-76,-77,-77,-77,-77,-77,-78,-78,-78,-78,-78,-78,-78,-78,-78,-78,-78,-78,-81,-81,-80,-80,-80,-80,-80,-80]}]",,,,,,,,
61687e251ed3b6e16855e678,,"[{""BSSID"":""C7:F8:C6:2F:15:BB"",""RSSIs"":[-64,-64,-64,-64,-64,-64,-64,-64,-64,-64,-64,-59,-59,-59,-59,-58,-58,-58,-58,-58,-58,-58,-58,-58,-58,-58,-58,-58,-58,-58,-58,-58,-58,-58]},{""BSSID"":""C3:88:F6:29:A9:DE"",""RSSIs"":[-61,-61,-61,-61,-61,-63,-63,-63,-63,-63,-63,-61,-61,-61,-62,-62,-62,-62,-62,-62,-62,-61,-61,-61,-61,-61,-61,-61,-61,-61,-61,-60,-59,-59,-59]},{""BSSID"":""FD:82:B0:4C:91:BF"",""RSSIs"":[-63,-63,-64,-64,-64,-64,-64,-64,-64,-62,-62,-62,-62,-62,-65,-65,-65,-65,-65,-65,-65,-65,-65,-65,-63,-63,-63,-63,-63]},{""BSSID"":""CE:E4:05:BE:70:CD"",""RSSIs"":[-71,-71,-71,-71,-71,-71,-68,-68,-68,-68,-68,-68,-68,-68,-68,-68,-68,-68,-68,-70,-70,-70,-70,-70,-70,-70,-70,-70,-70,-70,-70]},{""BSSID"":""EE:AF:B9:2E:2C:33"",""RSSIs"":[-73,-73,-73,-73,-73,-73,-73,-73,-73,-73,-73,-74,-74,-74,-74,-74,-74,-74,-74,-74,-74,-74,-74,-71,-71,-71,-71,-71,-71,-71,-71,-71,-71]},{""BSSID"":""D2:8C:33:3D:CC:0C"",""RSSIs"":[-72,-72,-72,-72,-72,-72,-75,-75,-75,-75,-75,-75,-75,-75,-77,-77,-77,-77,-77,-78,-78,-78,-78,-78,-78,-78,-78,-78,-78,-78,-78,-78]}]",,,,,,,,
61687e351ed3b6e16855e679,,"[{""BSSID"":""C7:F8:C6:2F:15:BB"",""RSSIs"":[-61,-61,-61,-61,-61,-61,-60,-60,-60,-60,-60,-60,-60,-60,-64,-64,-64,-64,-62,-62,-62,-62,-62,-62,-62,-54,-54,-54,-54,-54,-54,-54]},{""BSSID"":""FD:82:B0:4C:91:BF"",""RSSIs"":[-61,-61,-61,-61,-61,-61,-61,-69,-69,-67,-67,-67,-67,-67,-67,-61,-61,-61,-61,-61,-61,-66,-66,-66,-66,-57,-60,-60,-60,-60,-60,-66,-66,-66]},{""BSSID"":""C3:88:F6:29:A9:DE"",""RSSIs"":[-67,-67,-67,-67,-67,-67,-67,-67,-67,-67,-63,-63,-63,-61,-61,-61,-61,-61,-61,-61,-61,-64,-64,-64,-64,-64,-64,-64,-64,-64,-64,-64,-64]},{""BSSID"":""CE:E4:05:BE:70:CD"",""RSSIs"":[-66,-66,-66,-66,-66,-68,-73,-73,-73,-73,-73,-70,-70,-70,-70,-70,-70,-70,-70,-70,-70,-70,-70,-70,-70,-74,-74,-74,-74,-74,-74,-74,-74,-68,-69]},{""BSSID"":""D2:8C:33:3D:CC:0C"",""RSSIs"":[-75,-74,-74,-74,-74,-75,-75,-75,-75,-75,-75,-75,-69,-69,-69,-69]},{""BSSID"":""EE:AF:B9:2E:2C:33"",""RSSIs"":[-72,-72,-72,-72,-72,-72,-72,-72,-72,-76,-76,-76,-76,-76,-83,-83,-83,-83,-83,-83,-83,-83,-83,-83,-83,-83,-76,-76,-76,-76,-76]}]",,,,,,,,
61687e4c1ed3b6e16855e67a,,"[{""BSSID"":""C7:F8:C6:2F:15:BB"",""RSSIs"":[-65,-65,-61,-61,-61,-61,-61,-58,-58,-58,-58,-62,-62,-62,-62,-62,-62,-62,-62,-62,-64,-64,-64,-64,-64,-64,-64,-64,-64,-64,-64,-55,-54]},{""BSSID"":""C3:88:F6:29:A9:DE"",""RSSIs"":[-62,-62,-62,-62,-62,-62,-62,-64,-64,-64,-64,-62,-62,-62,-62,-62,-59,-59,-59,-59,-62,-62,-62,-62,-62,-61,-61,-61,-61,-61,-61,-65,-65,-65]},{""BSSID"":""FD:82:B0:4C:91:BF"",""RSSIs"":[-68,-68,-68,-68,-68,-62,-60,-60,-60,-60,-60,-60,-60,-60,-67,-67,-67,-67,-63,-63,-64,-64,-64,-64,-64]},{""BSSID"":""CE:E4:05:BE:70:CD"",""RSSIs"":[-75,-75,-78,-78,-78,-78,-65,-65,-65,-63,-63,-63,-63,-74,-74,-74,-74,-74,-66,-66,-66,-66,-66,-66,-67,-67,-63,-63,-63,-63]},{""BSSID"":""D2:8C:33:3D:CC:0C"",""RSSIs"":[-74,-74,-74,-74,-74,-74,-74,-74,-74,-74,-74,-74,-74,-74,-74,-74,-74,-74,-74,-74,-70,-70,-70,-70,-70,-70,-70,-73,-73,-73,-73,-73,-73,-73,-73]},{""BSSID"":""EE:AF:B9:2E:2C:33"",""RSSIs"":[-70,-70,-70,-78,-78,-78,-78,-78,-78,-78,-78,-78,-78,-78,-78,-78,-82,-82,-82,-82,-82,-82,-82,-82,-82,-82,-82,-82,-82,-82,-82,-82]}]",,,,,,,,
61687e951ed3b6e16855e67b,,,,,,,,,,
61687eac1ed3b6e16855e67c,,,,,,,,,,
61687ec11ed3b6e16855e67d,,,,,,,,,,
61687eeb1ed3b6e16855e67e,,,,,,,,,,
61687f1e1ed3b6e16855e67f,,,,,,,,,,
61687f701ed3b6e16855e680,,,,,,,,,,
61687f8a1ed3b6e16855e681,,,,,,,,,,
61687faf1ed3b6e16855e682,,,,,,,,,,
616880991ed3b6e16855e683,,,,,,,,,,
616880a61ed3b6e16855e684,,,,,,,,,,
616880bc1ed3b6e16855e685,,,,,,,,,,
616880d71ed3b6e16855e686,,,,,,,,,,
616880f81ed3b6e16855e687,,,,,,,,,,
616881121ed3b6e16855e688,,,,,,,,,,
616881b81ed3b6e16855e689,,,,,,,,,,
616881f91ed3b6e16855e68a,,,,,,,,,,
616882091ed3b6e16855e68b,,,,,,,,,,
616882281ed3b6e16855e68c,,,,,,,,,,
616882361ed3b6e16855e68d,,,,,,,,,,
616882641ed3b6e16855e68e,,,,,,,,,,
616882831ed3b6e16855e68f,,,,,,,,,,
616882941ed3b6e16855e690,,,,,,,,,,
6168a08a1ed3b6e16855e691,,,,,,,,,,
6168a0ae1ed3b6e16855e692,,,,,,,,,,
6168a0cd1ed3b6e16855e693,,,,,,,,,,
6168a1171ed3b6e16855e694,,,,,,,,,,
6168a12e1ed3b6e16855e695,,,,,,,,,,
6168a13e1ed3b6e16855e696,,,,,,,,,,
6168a1531ed3b6e16855e697,,,,,,,,,,
6168a1651ed3b6e16855e698,,,,,,,,,,
6168a1c11ed3b6e16855e699,,,,,,,,,,
6168a1cf1ed3b6e16855e69a,,,,,,,,,,
6168a1e11ed3b6e16855e69b,,,,,,,,,,
6168a1f41ed3b6e16855e69c,,,,,,,,,,
6168a2051ed3b6e16855e69d,,,,,,,,,,
6168a2941ed3b6e16855e69f,,,,,,,,,,
6168a2ab1ed3b6e16855e6a0,,,,,,,,,,
6168a2c71ed3b6e16855e6a1,,,,,,,,,,
6168a2e71ed3b6e16855e6a2,,,,,,,,,,
6168a3211ed3b6e16855e6a3,,,,,,,,,,
6168a35a1ed3b6e16855e6a4,,,,,,,,,,
6168a3781ed3b6e16855e6a5,,,,,,,,,,
6168a3941ed3b6e16855e6a6,,,,,,,,,,
6168a3af1ed3b6e16855e6a7,,,,,,,,,,
6168a3c91ed3b6e16855e6a8,,,,,,,,,,
6168a4301ed3b6e16855e6a9,,,,,,,,,,
6168a44a1ed3b6e16855e6aa,,,,,,,,,,
6168a4681ed3b6e16855e6ab,,,,,,,,,,
6168a4881ed3b6e16855e6ac,,,,,,,,,,
6168a4a11ed3b6e16855e6ad,,,,,,,,,,
6168a4f31ed3b6e16855e6ae,,,,,,,,,,
6168a5221ed3b6e16855e6af,,,,,,,,,,
6168a5401ed3b6e16855e6b0,,,,,,,,,,
6168a5601ed3b6e16855e6b1,,,,,,,,,,
6168a5b91ed3b6e16855e6b2,,,,,,,,,,
6168a6321ed3b6e16855e6b3,,,,,,,,,,
6168a64f1ed3b6e16855e6b4,,,,,,,,,,
6168a66e1ed3b6e16855e6b5,,,,,,,,,,
6168a6941ed3b6e16855e6b6,,,,,,,,,,
6168a6b11ed3b6e16855e6b7,,,,,,,,,,
6168a70b1ed3b6e16855e6b8,,,,,,,,,,
6168a7321ed3b6e16855e6b9,,,,,,,,,,
6168a74c1ed3b6e16855e6ba,,,,,,,,,,
6168a7681ed3b6e16855e6bb,,,,,,,,,,
6168a7871ed3b6e16855e6bc,,,,,,,,,,
6168a7dc1ed3b6e16855e6bd,,,,,,,,,,
6168a7f41ed3b6e16855e6be,,,,,,,,,,
6168a8091ed3b6e16855e6bf,,,,,,,,,,
6168a8211ed3b6e16855e6c0,,,,,,,,,,
6168a8431ed3b6e16855e6c1,,,,,,,,,,
6168a9031ed3b6e16855e6c2,,,,,,,,,,
6168a9291ed3b6e16855e6c3,,,,,,,,,,
6168a93e1ed3b6e16855e6c4,,,,,,,,,,
6168a9571ed3b6e16855e6c5,,,,,,,,,,
6168a9761ed3b6e16855e6c6,,,,,,,,,,
6168a9b41ed3b6e16855e6c7,,,,,,,,,,
6168a9d51ed3b6e16855e6c8,,,,,,,,,,
6168a9ee1ed3b6e16855e6c9,,,,,,,,,,
6168aa0c1ed3b6e16855e6ca,,,,,,,,,,
6168aa281ed3b6e16855e6cb,,,,,,,,,,
6168aa851ed3b6e16855e6cc,,,,,,,,,,
6168ab231ed3b6e16855e6cd,,,,,,,,,,
6168ab531ed3b6e16855e6ce,,,,,,,,,,
6168ab721ed3b6e16855e6cf,,,,,,,,,,
6168ab921ed3b6e16855e6d0,,,,,,,,,,
6168abe21ed3b6e16855e6d1,,,,,,,,,,
6168abff1ed3b6e16855e6d2,,,,,,,,,,
6168ac151ed3b6e16855e6d3,,,,,,,,,,
6168ac2a1ed3b6e16855e6d4,,,,,,,,,,
6168ac431ed3b6e16855e6d5,,,,,,,,,,
6168ac981ed3b6e16855e6d6,,,,,,,,,,
6168acbb1ed3b6e16855e6d7,,,,,,,,,,
6168acd61ed3b6e16855e6d8,,,,,,,,,,
6168acf61ed3b6e16855e6d9,,,,,,,,,,
6168ad1c1ed3b6e16855e6da,,,,,,,,,,
6168ad611ed3b6e16855e6db,,,,,,,,,,
6168ad831ed3b6e16855e6dc,,,,,,,,,,
6168ad9b1ed3b6e16855e6dd,,,,,,,,,,
6168adbd1ed3b6e16855e6de,,,,,,,,,,
6168adec1ed3b6e16855e6df,,,,,,,,,,
6168ae661ed3b6e16855e6e0,,,,,,,,,,
6168ae881ed3b6e16855e6e1,,,,,,,,,,
6168aeaa1ed3b6e16855e6e2,,,,,,,,,,
6168aede1ed3b6e16855e6e3,,,,,,,,,,
6168af051ed3b6e16855e6e4,,,,,,,,,,
6168af661ed3b6e16855e6e5,,,,,,,,,,
6168af8f1ed3b6e16855e6e6,,,,,,,,,,
6168afae1ed3b6e16855e6e7,,,,,,,,,,
6168afd11ed3b6e16855e6e8,,,,,,,,,,
6168aff11ed3b6e16855e6e9,,,,,,,,,,
6168b8821ed3b6e16855e6ea,,,,,,,,,,
6168b89d1ed3b6e16855e6eb,,,,,,,,,,
6168b8b51ed3b6e16855e6ec,,,,,,,,,,
6168b8d01ed3b6e16855e6ed,,,,,,,,,,
6168b8ec1ed3b6e16855e6ee,,,,,,,,,,
6168b9451ed3b6e16855e6ef,,,,,,,,,,
6168b9631ed3b6e16855e6f0,,,,,,,,,,
6168b9851ed3b6e16855e6f1,,,,,,,,,,
6168b9a61ed3b6e16855e6f2,,,,,,,,,,
6168b9c51ed3b6e16855e6f3,,,,,,,,,,
6168ba0a1ed3b6e16855e6f4,,,,,,,,,,
6168ba2f1ed3b6e16855e6f5,,,,,,,,,,
6168ba4f1ed3b6e16855e6f6,,,,,,,,,,
6168ba721ed3b6e16855e6f7,,,,,,,,,,
6168ba911ed3b6e16855e6f8,,,,,,,,,,
6168bb101ed3b6e16855e6f9,,,,,,,,,,
6168bb271ed3b6e16855e6fa,,,,,,,,,,
6168bb421ed3b6e16855e6fb,,,,,,,,,,
6168bb651ed3b6e16855e6fc,,,,,,,,,,
6168bb981ed3b6e16855e6fd,,,,,,,,,,
6168bbe51ed3b6e16855e6fe,,,,,,,,,,
6168bc421ed3b6e16855e701,,,,,,,,,,
6168bc841ed3b6e16855e702,,,,,,,,,,
6168bcc11ed3b6e16855e703,,,,,,,,,,
6168bcdf1ed3b6e16855e704,,,,,,,,,,
6168bd051ed3b6e16855e705,,,,,,,,,,
6168bd311ed3b6e16855e706,,,,,,,,,,
6168bd4b1ed3b6e16855e707,,,,,,,,,,
6168bdc41ed3b6e16855e709,,,,,,,,,,
6168bde71ed3b6e16855e70b,,,,,,,,,,
6168be0b1ed3b6e16855e70c,,,,,,,,,,
6168ccfd4ae041d4a1fb80d8,,,,,,,,,,
6168cd2d4ae041d4a1fb80d9,,,,,,,,,,
6168cdbd4ae041d4a1fb80db,,,,,,,,,,
6168cdf54ae041d4a1fb80dc,,,,,,,,,,