_id,gp25,gp26,gp27,gp28,gp30,gp31,gp32,gp35,gp36,gp37
6168e94f23cb1643c62cfef4,"[{""BSSID"":""C7:F8:C6:2F:15:BB"",""RSSIs"":[-45,-45,-45,-45,-45,-45,-45,-48,-48,-47,-47,-47,-43,-43,-43,-43,-43,-47,-47,-47,-47,-47,-47,-46,-46,-46,-46,-46,-46,-46,-46,-47,-47,-47]},{""BSSID"":""FD:82:B0:4C:91:BF"",""RSSIs"":[-60,-60,-60,-61,-61,-61,-61,-61,-61,-61,-60,-60,-59,-59,-59,-59,-59,-59,-59,-59,-59,-61,-61,-61,-61,-61,-61,-61,-61,-61,-61,-58,-58]},{""BSSID"":""CE:E4:05:BE:70:CD"",""RSSIs"":[-71,-71,-71,-71,-71,-71,-71,-70,-70,-70,-70,-70,-70,-70,-70,-70,-70,-70,-70,-70]},{""BSSID"":""EE:AF:B9:2E:2C:33"",""RSSIs"":[-72,-72,-72,-72,-72,-72,-72,-72,-72,-71,-71,-71,-71,-71,-71,-71,-71,-75,-75,-75,-75,-75,-75,-75,-75,-75,-74,-74,-74,-74,-74,-75,-75,-75,-75]},{""BSSID"":""C3:88:F6:29:A9:DE"",""RSSIs"":[-72,-72,-72,-72,-72,-72,-72,-74,-74,-74,-74,-74,-72,-72,-72,-72,-72,-75,-75,-75,-75,-75,-75,-74,-74,-74,-74,-74,-74,-74,-74]},{""BSSID"":""D2:8C:33:3D:CC:0C"",""RSSIs"":[-78,-78,-78,-78,-75,-75,-75,-75,-75,-75,-75,-75,-75,-75,-75,-75,-78,-78,-78,-78,-78,-78,-78,-78,-78,-82,-82,-82,-82,-82,-82,-73]}]",,,,,,,,,
6168eae923cb1643c62cfef5,"[{""BSSID"":""C7:F8:C6:2F:15:BB"",""RSSIs"":[-52,-52,-52,-52,-52,-52,-52,-54,-54,-54,-54,-54,-54,-54,-54,-61,-61,-61,-61,-61,-61,-61,-61,-61,-53,-52,-52,-52,-52,-52,-52,-52,-52,-54]},{""BSSID"":""FD:82:B0:4C:91:BF"",""RSSIs"":[-60,-60,-60,-60,-60,-60,-60,-60,-60,-65,-65,-65,-65,-65,-65,-65,-65,-65,-65,-62,-62,-62,-64,-64,-64,-64]},{""BSSID"":""CE:E4:05:BE:70:CD"",""RSSIs"":[-66,-66,-66,-66,-66,-68,-66,-66,-66,-66,-66,-66,-66,-66,-66,-71,-71,-72,-72,-72,-72,-72,-67,-67,-67,-67,-67,-66,-66,-66,-66,-66,-63,-63,-63]},{""BSSID"":""D2:8C:33:3D:CC:0C"",""RSSIs"":[-70,-70,-70,-70,-70,-70,-70,-70,-68,-68,-68,-68,-68,-68,-68,-68,-68,-68,-68,-68,-68,-66,-66,-66,-66,-66,-66,-68,-68,-68,-68,-68,-68]},{""BSSID"":""C3:88:F6:29:A9:DE"",""RSSIs"":[-73,-73,-73,-73,-73,-73,-73,-73,-72,-72,-69,-69,-69,-69,-69,-69,-69,-66,-66,-66,-66,-66,-66,-66,-66,-66,-66,-80,-80,-80,-80,-80]},{""BSSID"":""EE:AF:B9:2E:2C:33"",""RSSIs"":[-76,-76,-76,-76,-76,-76,-76,-74,-74,-74,-74,-74,-74,-74,-74,-74,-74,-71,-71,-71,-71,-71,-71,-71,-71,-71,-69,-69]}]",,,,,,,,,
6168eb0023cb1643c62cfef6,"[{""BSSID"":""C7:F8:C6:2F:15:BB"",""RSSIs"":[-60,-60,-60,-60,-60,-60,-60,-60,-60,-62,-62,-62,-62,-62,-62,-62,-62,-62,-62,-62,-62,-62,-62,-62,-62,-62,-62,-62,-62,-62]},{""BSSID"":""CE:E4:05:BE:70:CD"",""RSSIs"":[-73,-73,-73,-73,-73,-73,-73,-73,-74,-72,-72,-72,-72,-72,-72,-71,-71,-71,-71,-71,-71,-71,-71,-71,-72,-72,-72,-72,-72,-72,-72,-72,-72]},{""BSSID"":""FD:82:B0:4C:91:BF"",""RSSIs"":[-71,-71,-71,-76,-76,-76,-76,-77,-77,-77,-77,-77,-77,-74,-74,-74,-74,-74,-74,-74,-75,-75,-75,-75,-75,-75,-75,-75,-75,-75,-75,-75,-75,-75,-75]},{""BSSID"":""C3:88:F6:29:A9:DE"",""RSSIs"":[-75,-75,-75,-75,-75,-81,-81,-79,-79,-79,-79,-79,-79,-79,-79,-79,-79,-79,-79,-79,-78,-78,-78,-78,-78,-78,-78,-78,-78,-78,-78,-78,-78,-76]},{""BSSID"":""D2:8C:33:3D:CC:0C"",""RSSIs"":[-80,-80,-80,-80,-80,-80,-80,-80,-80,-80,-80,-80,-80,-80,-80,-81,-81,-81,-81,-81,-81,-81,-81,-81,-80,-80]},{""BSSID"":""EE:AF:B9:2E:2C:33"",""RSSIs"":[-80,-80,-80,-80,-80,-80,-80,-80,-82,-82,-82,-82,-82,-82,-81,-81,-81,-81,-81,-81,-81,-81,-81,-81,-81,-81,-81,-82,-82,-82,-82]}]",,,,,,,,,
6168eb1323cb1643c62cfef7,"[{""BSSID"":""C7:F8:C6:2F:15:BB"",""RSSIs"":[-49,-49,-49,-49,-49,-49,-49,-49,-49,-49,-49,-49,-49,-49,-50,-50,-48,-48,-48,-48,-48,-48,-49,-49,-49,-49,-49,-49,-49,-49,-49,-49,-49]},{""BSSID"":""CE:E4:05:BE:70:CD"",""RSSIs"":[-64,-65,-65,-65,-65,-65,-65,-66,-66,-66,-66,-66,-66,-66,-66,-66,-66,-66,-66,-66,-66,-65,-65,-65,-65,-65,-65,-61,-61,-61,-61]},{""BSSID"":""C3:88:F6:29:A9:DE"",""RSSIs"":[-68,-68,-68,-68,-68,-68,-68,-68,-68,-68,-68,-68,-68,-68,-68,-68,-68,-68,-68,-70,-70,-69,-69,-69,-69,-69,-69,-69,-69,-69,-69,-69,-69,-69]},{""BSSID"":""D2:8C:33:3D:CC:0C"",""RSSIs"":[-71,-71,-71,-71,-71,-71,-71,-71,-71,-71,-71,-71,-71,-71,-71,-71,-71,-71,-71,-71,-71,-71,-71]},{""BSSID"":""FD:82:B0:4C:91:BF"",""RSSIs"":[-81,-81,-81,-81,-81,-81,-78,-78,-78,-78,-78,-78,-78,-78,-78,-78,-78,-78,-78,-78,-78,-78,-78,-78,-78,-78,-78,-78,-78,-80,-80,-80,-80,-80,-80]},{""BSSID"":""EE:AF:B9:2E:2C:33"",""RSSIs"":[-98,-98,-98,-98,-98,-98,-98,-98,-98,-98,-98,-98,-98,-98,-98,-98,-98,-98,-90,-90,-90,-81,-81,-80,-80,-80]}]",,,,,,,,,
6168eb2823cb1643c62cfef8,"[{""BSSID"":""C7:F8:C6:2F:15:BB"",""RSSIs"":[-54,-54,-54,-54,-54,-54,-54,-55,-55,-55,-55,-55,-55,-55,-55,-54,-54,-54,-54,-55,-55,-55,-55,-55,-55,-55,-55,-55,-55,-55,-55,-55,-54,-54,-54]},{""BSSID"":""C3:88:F6:29:A9:DE"",""RSSIs"":[-60,-60,-60,-60,-60,-60,-60,-60,-60,-60,-60,-60,-60,-60,-60,-60,-60,-60,-60,-60,-60,-60,-60,-60,-60,-60,-60,-60,-60,-60,-60,-60,-60]},{""BSSID"":""FD:82:B0:4C:91:BF"",""RSSIs"":[-68,-68,-68,-68,-68,-68,-68,-68,-66,-66,-66,-64,-64,-64,-64,-64,-64,-64,-64,-64,-64,-64,-64,-64,-64,-65,-65,-65,-65,-65,-65,-65,-65,-77]},{""BSSID"":""D2:8C:33:3D:CC:0C"",""RSSIs"":[-68,-68,-68,-68,-68,-68,-68,-68,-68,-68,-68,-68,-67,-67,-67,-67,-67,-68,-68,-68,-68,-67,-67,-67,-67]},{""BSSID"":""CE:E4:05:BE:70:CD"",""RSSIs"":[-78,-78,-78,-78,-78,-78,-78,-78,-78,-78,-78,-78,-78,-78,-78,-78,-78,-78,-78,-78,-78,-78,-78,-78,-78,-78,-78,-78,-78]},{""BSSID"":""EE:AF:B9:2E:2C:33"",""RSSIs"":[-82,-82,-82,-82,-82,-82,-82,-82,-82,-84,-84,-84,-84,-84,-84,-84,-84,-84,-84,-84,-84,-84,-84,-84,-84,-85,-85,-85,-85,-85]}]",,,,,,,,,
6168eb7923cb1643c62cfef9,,,,,"[{""BSSID"":""CE:E4:05:BE:70:CD"",""RSSIs"":[-58,-58,-58,-58,-58,-58,-58,-58,-58,-58,-58,-58,-58,-58,-58,-58,-58,-58,-58,-58,-58,-58,-60,-60,-60,-60,-60,-60,-60,-60,-60,-60,-60,-60]},{""BSSID"":""FD:82:B0:4C:91:BF"",""RSSIs"":[-64,-64,-64,-64,-64,-64,-65,-65,-65,-65,-65,-65,-65,-65,-65,-65,-65,-60,-60,-60,-60,-60,-60,-60]},{""BSSID"":""C7:F8:C6:2F:15:BB"",""RSSIs"":[-64,-64,-64,-64,-64,-64,-64,-64,-64,-64,-63,-66,-66,-66,-68,-68,-67,-67,-67,-67,-67,-60,-60,-60,-60]},{""BSSID"":""C3:88:F6:29:A9:DE"",""RSSIs"":[-65,-65,-65,-65,-65,-65,-65,-65,-65,-65,-65,-65,-65,-65,-65,-65,-66,-66,-66,-66,-66,-66,-66,-66,-66,-65,-65,-63,-63,-63,-63,-63,-63]},{""BSSID"":""D2:8C:33:3D:CC:0C"",""RSSIs"":[-70,-70,-70,-70,-70,-70,-70,-68,-68,-68,-68,-68,-68,-68,-68,-68,-68,-68,-68,-68,-68,-68,-70,-70,-70,-70,-70,-70,-70,-70,-70,-70,-64,-64,-64]},{""BSSID"":""EE:AF:B9:2E:2C:33"",""RSSIs"":[-69,-69,-69,-71,-71,-71,-70,-70,-70,-70,-70,-70,-70,-69,-69,-69,-69,-69,-69,-69,-69,-69,-68,-68,-68,-68,-68,-68,-68,-68,-68,-68]}]",,,,,
6168ebb123cb1643c62cfefa,,,,,"[{""BSSID"":""FD:82:B0:4C:91:BF"",""RSSIs"":[-61,-81,-81,-63,-63,-63,-63,-63,-61,-58,-58,-58,-58,-63,-63,-63,-64,-64,-64,-64,-64,-64,-64,-64,-64,-64,-64,-64,-64,-64,-64,-68,-68,-68]},{""BSSID"":""CE:E4:05:BE:70:CD"",""RSSIs"":[-64,-64,-64,-64,-64,-64,-81,-81,-81,-81,-81,-80,-80,-80,-80,-65,-64,-64,-64,-64,-64,-64,-64,-64,-64,-64,-64,-64,-64,-68]},{""BSSID"":""C7:F8:C6:2F:15:BB"",""RSSIs"":[-64,-64,-64,-68,-68,-68,-64,-64,-65,-65,-65,-65,-65,-65,-65,-65,-65,-65,-65,-65,-65,-65,-87,-87,-87,-87,-87,-87,-87,-87,-64,-64,-64,-64,-64]},{""BSSID"":""C3:88:F6:29:A9:DE"",""RSSIs"":[-81,-81,-81,-81,-81,-81,-81,-81,-81,-65,-67,-67,-82,-62,-62,-62,-81,-81,-66,-66]},{""BSSID"":""EE:AF:B9:2E:2C:33"",""RSSIs"":[-82,-82,-82,-82,-82,-82,-77,-77,-77,-77,-77,-77,-77,-77,-70,-70,-70,-72,-72,-72,-72,-72,-72]},{""BSSID"":""D2:8C:33:3D:CC:0C"",""RSSIs"":[-66,-66,-66,-66,-66,-66,-82,-82,-82,-82,-82,-82,-71,-71,-71,-71,-86,-86,-86,-86,-86,-86,-86,-86,-86,-86,-86,-86]}]",,,,,
6168ebcf23cb1643c62cfefb,,,,,"[{""BSSID"":""C3:88:F6:29:A9:DE"",""RSSIs"":[-56,-74,-74,-74,-74,-74,-74,-74,-56,-56,-56,-56,-56,-56,-56,-56,-60,-60,-56,-56,-56,-56,-56,-56,-62,-62]},{""BSSID"":""D2:8C:33:3D:CC:0C"",""RSSIs"":[-66,-66,-66,-66,-66,-66,-66,-66,-66,-66,-65,-65,-65,-65,-65,-66,-66,-66,-66,-66,-66,-66,-66,-66,-66,-66,-66,-66,-66,-82,-82,-66,-66,-66]},{""BSSID"":""CE:E4:05:BE:70:CD"",""RSSIs"":[-68,-65,-65,-65,-65,-65,-65,-65,-65,-65,-84,-68,-68,-68,-68,-68,-67,-67,-68,-68,-68,-68,-68,-68,-68,-68,-66,-66,-66,-66,-66,-66]},{""BSSID"":""FD:82:B0:4C:91:BF"",""RSSIs"":[-67,-67,-67,-67,-67,-67,-68,-68,-68,-68,-68,-68,-68,-68,-68,-68,-68,-68,-68,-68,-68,-68,-83,-83,-69,-69,-69,-69,-69,-80,-80,-80,-67]},{""BSSID"":""C7:F8:C6:2F:15:BB"",""RSSIs"":[-61,-61,-61,-61,-61,-61,-60,-60,-60,-60,-60,-60,-62,-62,-62,-78,-78,-78,-78,-78,-79,-79,-79,-80,-80,-80,-80,-80,-80,-80,-80,-80,-80,-80,-80]},{""BSSID"":""EE:AF:B9:2E:2C:33"",""RSSIs"":[-72,-72,-72,-72,-72,-72,-72,-72,-72,-72,-72,-72,-72,-72,-72,-72,-72,-71,-71,-71,-71,-71,-71,-71,-71,-71,-71,-71,-71,-71]}]",,,,,
6168ebed23cb1643c62cfefc,,,,,"[{""BSSID"":""C7:F8:C6:2F:15:BB"",""RSSIs"":[-50,-50,-50,-50,-50,-50,-50,-50,-51,-51,-52,-52,-63,-63,-63,-64,-64,-64,-80,-80,-79,-79,-79,-79,-79,-62,-62,-62,-62,-62,-62,-62,-62,-62,-62]},{""BSSID"":""FD:82:B0:4C:91:BF"",""RSSIs"":[-67,-67,-67,-67,-67,-67,-67,-67,-67,-67,-67,-67,-67,-67,-67,-62,-62,-62,-62,-62,-62,-63,-63,-63,-63,-63,-63,-63,-63]},{""BSSID"":""CE:E4:05:BE:70:CD"",""RSSIs"":[-72,-72,-69,-69,-69,-69,-67,-67,-65,-65,-65,-65,-65,-67,-67,-67,-67,-67,-67,-67,-67,-67,-67,-67,-67,-67,-67,-67,-67,-67,-67,-67,-67,-67]},{""BSSID"":""D2:8C:33:3D:CC:0C"",""RSSIs"":[-68,-68,-68,-68,-68,-68,-68,-68,-68,-68,-68]},{""BSSID"":""C3:88:F6:29:A9:DE"",""RSSIs"":[-52,-66,-66,-66,-66,-66,-88,-88,-88,-88,-88,-88,-70,-70,-70,-72,-72,-72,-72]},{""BSSID"":""EE:AF:B9:2E:2C:33"",""RSSIs"":[-85,-85,-85,-85,-85,-85,-85,-85,-85,-85,-85,-85,-85,-85,-85,-85,-85,-85,-85,-85,-85,-85,-85,-85,-85,-85,-85,-85,-85,-85,-83,-83,-83]}]",,,,,
6168ec0123cb1643c62cfefd,,,,,"[{""BSSID"":""FD:82:B0:4C:91:BF"",""RSSIs"":[-67,-65,-65,-65,-65,-65,-64,-64,-64,-64,-64,-64,-64,-64,-66,-66,-66,-66,-66,-66,-64,-64,-64,-64,-64,-65,-65,-65,-65,-65,-65,-65,-65,-66,-66]},{""BSSID"":""C7:F8:C6:2F:15:BB"",""RSSIs"":[-74,-74,-74,-74,-74,-74,-74,-74,-74,-74,-74,-70,-70,-70,-63,-63,-63,-63,-65,-65,-65,-65,-58,-58,-58,-58,-58,-58,-61,-61,-61]},{""BSSID"":""D2:8C:33:3D:CC:0C"",""RSSIs"":[-67,-67,-68,-68,-68,-68,-68,-68,-68,-68,-68,-68,-68,-67,-67,-67,-67,-67,-67,-67,-67,-67,-67,-67,-67,-67,-67]},{""BSSID"":""C3:88:F6:29:A9:DE"",""RSSIs"":[-70,-70,-70,-70,-70,-68,-68,-68,-68,-70,-68,-68,-68,-68,-68,-68,-68,-68,-68,-68,-68,-68,-68,-68,-68,-68,-68,-68,-68,-68,-68,-68,-73]},{""BSSID"":""CE:E4:05:BE:70:CD"",""RSSIs"":[-73,-73,-73,-73,-73,-73,-73,-71,-71,-71,-71,-71,-71,-71,-72,-72,-72,-72,-72,-72,-71,-71,-71,-71,-71,-71]},{""BSSID"":""EE:AF:B9:2E:2C:33"",""RSSIs"":[-74,-74,-74,-74,-74,-74,-74,-74,-74,-74,-72,-72,-72,-72,-72,-72,-77,-77,-77,-77,-77,-76,-76,-76,-76,-75,-75,-75,-76,-76,-76,-76]}]",,,,,
6168ec6c23cb1643c62cfefe,,,,,,,,"[{""BSSID"":""C3:88:F6:29:A9:DE"",""RSSIs"":[-58,-60,-60,-60,-60,-62,-62,-62,-62,-62,-62,-62,-62,-60,-60,-60,-60,-60,-60,-60,-60,-60,-60,-60,-60,-57,-57,-57,-57,-56,-56,-57,-57]},{""BSSID"":""D2:8C:33:3D:CC:0C"",""RSSIs"":[-62,-62,-62,-62,-62,-62,-62,-62,-62,-62,-61,-61,-61,-61,-61,-61,-61,-61,-61,-61,-61,-61,-61,-61,-61,-61,-61,-61,-61,-61,-61]},{""BSSID"":""FD:82:B0:4C:91:BF"",""RSSIs"":[-73,-73,-73,-73,-73,-74,-74,-74,-74,-74,-74,-74,-72,-72,-72,-72,-72,-72,-72,-72,-72,-72,-72,-72,-72,-72,-72,-72,-74,-74,-74,-74,-74,-74]},{""BSSID"":""C7:F8:C6:2F:15:BB"",""RSSIs"":[-73,-73,-73,-73,-73,-73,-76,-76,-76,-76,-76,-76,-76,-76,-76,-76,-74,-74,-74,-74,-74,-74,-74]},{""BSSID"":""CE:E4:05:BE:70:CD"",""RSSIs"":[-78,-78,-78,-78,-78,-78,-78,-78,-78,-78,-78,-78,-78,-78,-78,-78,-78,-80,-80,-80,-80,-80,-80,-80,-80,-80,-80,-80,-80,-80]},{""BSSID"":""EE:AF:B9:2E:2C:33"",""RSSIs"":[-90,-90,-90,-90,-90,-90,-90,-90,-94,-94,-94,-94,-94,-94,-94,-94,-94,-89,-89,-89,-89,-89,-89,-87,-87,-87,-87,-87,-87,-87,-87,-87,-87,-87,-87]}]",,
6168ec9d23cb1643c62cfeff,,,,,,,,"[{""BSSID"":""C3:88:F6:29:A9:DE"",""RSSIs"":[-49,-49,-49,-48,-48,-48,-48,-48,-48,-48,-48,-48,-48,-48,-48,-48,-48,-48,-48,-48,-48,-48,-48,-55,-55,-55,-55,-55,-55,-55]},{""BSSID"":""FD:82:B0:4C:91:BF"",""RSSIs"":[-70,-70,-70,-70,-70,-70,-67,-67,-67,-67,-67,-69,-69,-69,-69,-69,-69,-69,-69,-69,-66,-66,-66,-66,-66,-66,-66,-66,-66]},{""BSSID"":""CE:E4:05:BE:70:CD"",""RSSIs"":[-68,-68,-68,-68,-68,-68,-68,-68,-68,-68,-68,-68,-68,-68,-68,-68,-68,-68,-68,-68,-68,-68,-67,-67,-67,-67,-67,-67,-67,-67,-70,-70,-70]},{""BSSID"":""C7:F8:C6:2F:15:BB"",""RSSIs"":[-71,-71,-71,-71,-71,-71,-71,-71,-71,-71,-71,-71,-70,-70,-70,-70,-70,-70,-69,-69,-69,-69,-69,-69,-69,-69,-69,-69,-69,-69,-69,-69,-69,-69]},{""BSSID"":""D2:8C:33:3D:CC:0C"",""RSSIs"":[-72,-72,-72,-72,-73,-73,-73,-73,-73,-73,-73,-74,-74,-74,-74,-74,-74,-74,-74,-74,-74,-72,-72,-72,-72,-72,-72,-72,-72,-72,-72,-80,-80,-80,-80]},{""BSSID"":""EE:AF:B9:2E:2C:33"",""RSSIs"":[-74,-74,-74,-74,-74,-74,-74,-74,-74,-74,-74,-74,-74,-74,-74,-74,-74,-74,-74,-74,-74,-84,-84,-84,-84,-85]}]",,
6168ecb523cb1643c62cff00,,,,,,,,"[{""BSSID"":""C3:88:F6:29:A9:DE"",""RSSIs"":[-31,-31,-31,-31,-31,-30,-30,-30,-30,-30,-30,-30,-30,-31,-31,-31,-31,-31,-31,-31,-31,-31,-31,-31,-31,-31,-31,-31,-31,-34,-34,-34,-34,-34,-34]},{""BSSID"":""C7:F8:C6:2F:15:BB"",""RSSIs"":[-64,-64,-64,-65,-65,-65,-65,-65,-65,-65,-65,-65,-65,-65,-65,-65,-65,-65,-69,-69,-69,-69,-69,-69,-69,-69,-69,-69]},{""BSSID"":""FD:82:B0:4C:91:BF"",""RSSIs"":[-67,-67,-67,-67,-67,-67,-67,-67,-67,-67,-70,-70,-70,-70,-70,-69,-69,-69,-69,-69,-69,-69,-69,-69,-69,-69,-69,-65,-65,-65,-65,-65,-65,-65]},{""BSSID"":""D2:8C:33:3D:CC:0C"",""RSSIs"":[-74,-74,-74,-74,-72,-72,-72,-72,-72,-72,-72,-72,-72,-72,-72,-78,-78,-78]},{""BSSID"":""CE:E4:05:BE:70:CD"",""RSSIs"":[-86,-86,-86,-86,-86,-86,-86,-86,-86,-86,-86,-88,-88,-88,-88,-88,-88,-88,-89,-89,-89,-89,-70,-70,-70,-70,-70,-70,-70,-70,-70]},{""BSSID"":""EE:AF:B9:2E:2C:33"",""RSSIs"":[-92,-92,-92,-92,-92,-92,-92,-92,-92,-92,-92,-92,-92,-92,-92,-92,-92,-92,-92,-92,-92,-92,-92,-92,-92,-92,-92,-92,-92]}]",,
6168ecda23cb1643c62cff01,,,,,,,,"[{""BSSID"":""C3:88:F6:29:A9:DE"",""RSSIs"":[-51,-51,-51,-51,-51,-51,-51,-51,-52,-52,-52,-52,-52,-52,-52,-52,-52,-50,-50,-50,-50,-50,-50,-50,-50,-50,-52,-52,-52,-52,-52,-52,-52,-52]},{""BSSID"":""D2:8C:33:3D:CC:0C"",""RSSIs"":[-61,-61,-61,-60,-60,-60,-60,-60,-60,-60,-60,-60,-60,-60,-60,-58,-58,-58,-58,-58,-60,-60,-60,-60,-60,-60,-60,-60,-62,-62,-62]},{""BSSID"":""C7:F8:C6:2F:15:BB"",""RSSIs"":[-68,-66,-66,-66,-66,-66,-66,-66,-66,-64,-64,-64,-64,-64,-64,-63,-64,-64,-64,-64,-64,-64,-64,-63,-63,-63,-65,-65,-65,-65]},{""BSSID"":""FD:82:B0:4C:91:BF"",""RSSIs"":[-66,-66,-66,-66,-66,-66,-66,-66,-64,-64,-64,-64,-64,-64,-64,-64,-64,-65,-65,-65,-65,-65,-65,-65,-65,-65,-65,-65,-65,-65,-65,-65,-65,-64,-64]},{""BSSID"":""CE:E4:05:BE:70:CD"",""RSSIs"":[-69,-69,-69,-69,-69,-69,-69,-70,-70,-70,-70,-70,-70]},{""BSSID"":""EE:AF:B9:2E:2C:33"",""RSSIs"":[-78,-78,-78,-78,-78,-78,-78,-78,-78,-80,-80,-80,-80,-80,-80,-80,-80,-80,-80,-80,-80,-80,-80,-80,-80,-80,-80,-80,-80,-80,-80,-80]}]",,
6168ecf023cb1643c62cff02,,,,,,,,"[{""BSSID"":""D2:8C:33:3D:CC:0C"",""RSSIs"":[-60,-60,-60,-60,-60,-60,-60,-60,-60,-60,-60,-60,-60,-60,-60,-60,-60,-60,-60,-60,-60,-60,-60,-60,-60,-60,-60,-60,-60,-60,-60,-60,-60,-60]},{""BSSID"":""C3:88:F6:29:A9:DE"",""RSSIs"":[-63,-63,-63,-63,-63,-63,-63,-63,-63,-62,-62,-62,-62,-62,-62,-62,-62,-62,-62,-62,-62,-62,-62,-62,-62,-62,-62,-64,-64,-64,-64]},{""BSSID"":""CE:E4:05:BE:70:CD"",""RSSIs"":[-66,-66,-66,-66,-66,-66,-66,-66,-66,-66,-66,-66,-66,-66,-66,-66,-66,-66,-66,-66,-66,-66,-66,-66,-66,-66,-66]},{""BSSID"":""FD:82:B0:4C:91:BF"",""RSSIs"":[-64,-64,-64,-64,-64,-64,-64,-64,-64,-64,-66,-66,-66,-66,-66,-66,-66,-66,-66,-67,-67,-67,-67,-67,-67,-69,-69,-71,-71,-71,-71,-71,-71]},{""BSSID"":""C7:F8:C6:2F:15:BB"",""RSSIs"":[-76,-76,-76,-76,-76,-76,-76,-73,-73,-73,-73,-73,-73,-73,-73,-71,-71,-71,-71,-71,-71,-71,-71,-71,-68]},{""BSSID"":""EE:AF:B9:2E:2C:33"",""RSSIs"":[-74,-74,-74,-74,-74,-74,-74,-74,-74,-74,-74,-74,-74,-74,-75,-75,-75,-75,-75,-75,-75,-75,-75,-75,-75,-75,-75,-75,-75,-75,-75,-75,-75,-75,-75]}]",,
6168ed4523cb1643c62cff03,,"[{""BSSID"":""FD:82:B0:4C:91:BF"",""RSSIs"":[-64,-66,-66,-66,-66,-66,-66,-66,-58,-58,-58,-58,-58,-58,-58,-58,-64,-64,-64,-64,-64,-64,-64,-64,-64,-64]},{""BSSID"":""CE:E4:05:BE:70:CD"",""RSSIs"":[-69,-69,-69,-69,-69,-69,-69,-66,-66,-66,-66,-66,-66,-66,-66,-60,-60,-60,-60,-60,-60,-60,-60,-60,-60,-60,-60,-60]},{""BSSID"":""C7:F8:C6:2F:15:BB"",""RSSIs"":[-72,-72,-72,-72,-72,-69,-69,-69,-69,-69,-69,-69,-72,-72,-72,-69,-69,-69,-69,-69,-68,-68,-68,-69,-69,-69,-69,-69,-69,-69,-68,-68,-68,-68]},{""BSSID"":""D2:8C:33:3D:CC:0C"",""RSSIs"":[-71,-71,-71,-71,-71,-84,-84,-84,-84,-84,-84,-84,-84,-84,-84,-84,-84,-84,-84,-84,-66,-66,-66,-66,-66,-66,-67,-67,-67,-66,-66,-66,-66,-66,-66]},{""BSSID"":""EE:AF:B9:2E:2C:33"",""RSSIs"":[-74,-74,-70,-70,-70,-70,-67,-67,-67,-70,-70,-70,-70,-78,-78,-78,-78,-77,-77,-77,-77,-78,-78,-78,-78,-78,-78,-78,-78,-78,-78,-78,-78]},{""BSSID"":""C3:88:F6:29:A9:DE"",""RSSIs"":[-82,-82,-82,-82,-82,-82,-82,-82,-82,-82,-82,-82,-82,-82,-82,-78,-78,-78,-78,-78,-78,-78,-78,-78,-78,-79,-79,-79,-79,-79,-79,-78]}]",,,,,,,,
6168ed6a23cb1643c62cff04,,"[{""BSSID"":""FD:82:B0:4C:91:BF"",""RSSIs"":[-71,-71,-71,-71,-71,-71,-71,-71,-71,-71,-71,-71,-71,-71,-71,-71,-70,-70,-70,-70,-54,-52,-52,-52,-52,-52,-48,-48,-48,-48,-48,-48,-48,-48,-48]},{""BSSID"":""D2:8C:33:3D:CC:0C"",""RSSIs"":[-65,-65,-65,-65,-69,-69,-69,-69,-65,-65,-65,-65,-65,-63,-63,-63,-63,-63,-63,-63,-63,-63,-63,-63,-63,-63,-63,-63,-63,-63,-60,-60,-61,-61]},{""BSSID"":""C7:F8:C6:2F:15:BB"",""RSSIs"":[-65,-65,-65,-65,-65,-65,-65,-66,-66,-66,-66,-66,-66,-63,-63,-63,-63,-63,-63,-63,-63,-63,-61,-61,-64,-64,-64,-64,-72]},{""BSSID"":""CE:E4:05:BE:70:CD"",""RSSIs"":[-72,-70,-70,-70,-70,-70,-70,-70,-70,-70,-70,-70,-70,-70,-70,-70,-70,-70,-70,-70,-70,-70,-70,-70,-70,-70,-70,-70]},{""BSSID"":""C3:88:F6:29:A9:DE"",""RSSIs"":[-76,-76,-76,-76,-76,-76,-76,-77,-75,-75,-75,-75,-72,-72,-72,-72,-72,-72,-72,-80,-80,-80,-80,-80,-80,-80,-80,-80,-80,-80,-80,-80]},{""BSSID"":""EE:AF:B9:2E:2C:33"",""RSSIs"":[-68,-68,-68,-68,-68,-68,-68,-68,-79,-79,-79,-79,-79,-80,-80,-80,-80,-80,-80,-82,-82,-82,-82,-82,-82,-82,-82,-82,-82,-82,-82]}]",,,,,,,,
6168ed8a23cb1643c62cff05,,"[{""BSSID"":""FD:82:B0:4C:91:BF"",""RSSIs"":[-48,-48,-48,-48,-48,-48,-48,-49,-49,-48,-48,-48,-48,-48,-50,-50,-50,-50,-50,-50,-50,-50,-50,-50,-54,-54,-54,-55,-55,-55,-55,-55,-55,-55,-55]},{""BSSID"":""CE:E4:05:BE:70:CD"",""RSSIs"":[-54,-54,-54,-54,-54,-54,-54,-54,-54,-54,-54,-54,-53,-52,-52,-52,-52,-52,-52,-52,-52,-52,-52,-52,-52]},{""BSSID"":""D2:8C:33:3D:CC:0C"",""RSSIs"":[-56,-56,-56,-56,-56,-56,-56,-56,-56,-56,-56,-56,-56,-56,-56,-54,-54,-54,-54,-54,-54,-54,-54,-54,-54,-56,-56,-56,-56,-56,-57]},{""BSSID"":""EE:AF:B9:2E:2C:33"",""RSSIs"":[-70,-70,-70,-70,-70,-70,-70,-70,-70,-70,-70,-70,-70,-67,-67,-67,-67,-67,-67,-67,-67,-67,-64,-64,-64,-64,-64,-64,-64,-64,-64,-64]},{""BSSID"":""C7:F8:C6:2F:15:BB"",""RSSIs"":[-74,-74,-74,-74,-74,-74,-75,-75,-75,-75,-75,-75,-77,-77,-77,-79,-79,-79,-79,-79,-79,-79,-79,-79,-70,-70,-70,-69,-69]},{""BSSID"":""C3:88:F6:29:A9:DE"",""RSSIs"":[-83,-83,-83,-83,-83,-83,-83,-83,-83,-83,-83,-83,-83,-83,-78,-78,-78,-78,-78,-76,-76,-76,-76,-76,-76,-74,-74,-74,-74,-74,-74,-74,-74,-74]}]",,,,,,,,
6168ed9d23cb1643c62cff06,,"[{""BSSID"":""CE:E4:05:BE:70:CD"",""RSSIs"":[-56,-56,-56,-56,-56,-56,-56,-56,-56,-54,-54,-54,-54,-54,-54,-53,-53,-53,-53,-53,-53,-53,-53,-54,-54,-54,-53,-53,-53,-54,-54,-54,-54,-54,-54]},{""BSSID"":""D2:8C:33:3D:CC:0C"",""RSSIs"":[-60,-60,-60,-60,-58,-58,-58,-60,-60,-60,-60,-60,-59,-59,-59,-59,-59,-59,-58,-58,-58,-60,-60,-60,-60,-60,-60,-60]},{""BSSID"":""C7:F8:C6:2F:15:BB"",""RSSIs"":[-64,-64,-64,-64,-64,-64,-64,-64,-64,-64,-64,-64,-64,-64,-64,-64,-64,-64,-64,-64,-64,-63,-63,-63,-63,-63,-63,-63,-63,-63,-63,-70]},{""BSSID"":""C3:88:F6:29:A9:DE"",""RSSIs"":[-63,-63,-63,-63,-63,-63,-63,-63,-65,-65,-65,-65,-65,-65,-65,-65,-65,-64,-64,-64,-64,-64,-64,-64,-64,-64,-64,-64,-64,-64]},{""BSSID"":""FD:82:B0:4C:91:BF"",""RSSIs"":[-85,-85,-75,-75,-75,-75,-75,-75,-75,-75,-61,-61,-61,-61,-61,-61,-62,-62,-62,-64,-64,-64,-64,-64,-64,-64,-64,-64,-64,-55,-55,-55,-55]},{""BSSID"":""EE:AF:B9:2E:2C:33"",""RSSIs"":[-69,-69,-69,-69,-69,-71,-71,-71,-71,-72,-72,-72,-72,-72,-72,-72,-73,-73,-73,-73,-73,-73,-73,-73,-73,-73,-74,-74,-74,-74,-74,-74,-74,-74]}]",,,,,,,,
6168edb323cb1643c62cff07,,"[{""BSSID"":""FD:82:B0:4C:91:BF"",""RSSIs"":[-49,-49,-49,-49,-49,-49,-49,-47,-47,-47,-47,-47,-47,-47,-47,-47,-48,-48,-48,-48,-48,-48,-48,-48,-48,-48,-48,-48,-48,-48,-48]},{""BSSID"":""D2:8C:33:3D:CC:0C"",""RSSIs"":[-57,-57,-57,-57,-57,-57,-57,-57,-57,-56,-56,-56,-57,-57,-57,-57,-56,-56,-56,-56,-56,-56,-56,-56,-56,-56,-57,-58]},{""BSSID"":""EE:AF:B9:2E:2C:33"",""RSSIs"":[-66,-66,-66,-66,-66,-66,-66,-66,-66,-66,-64,-64,-64,-64,-64,-64,-64,-64,-64,-64,-64,-64,-64,-64,-64,-64,-64,-64,-64,-64,-64,-64,-64,-64,-64]},{""BSSID"":""C7:F8:C6:2F:15:BB"",""RSSIs"":[-66,-66,-66,-66,-66,-66,-66,-66,-66,-66,-66,-66,-66,-66,-66,-66,-66,-66,-66,-66,-66,-66,-66,-66,-66,-66,-66,-66,-66,-66,-66,-66]},{""BSSID"":""C3:88:F6:29:A9:DE"",""RSSIs"":[-69,-69,-69,-69,-69,-69,-69,-69,-67,-67,-67,-67,-67,-67,-67,-67,-67,-67,-67,-67,-67,-67,-67,-67,-67,-67,-67,-67,-67,-67]},{""BSSID"":""CE:E4:05:BE:70:CD"",""RSSIs"":[-65,-65,-65,-65,-65,-65,-65,-75,-75,-75,-75,-75,-75,-75,-75,-75,-75,-75,-75,-75,-71,-71,-71,-71,-71,-70,-68,-68,-68,-68,-68,-68,-68,-68]}]",,,,,,,,
6168edec23cb1643c62cff08,,,,,,"[{""BSSID"":""FD:82:B0:4C:91:BF"",""RSSIs"":[-50,-50,-50,-50,-50,-50,-50,-50,-50,-54,-54,-54,-54,-54,-54,-54,-54,-54,-53,-53,-52,-52,-52,-52,-52,-52,-52,-50,-54,-54,-54,-54,-54,-54,-54]},{""BSSID"":""CE:E4:05:BE:70:CD"",""RSSIs"":[-61,-58,-58,-58,-58,-58,-58,-58,-58,-58,-63,-64,-64,-64,-64,-64,-64,-64,-64,-56,-56,-56,-56,-56,-56,-56,-56,-55,-55,-55,-55]},{""BSSID"":""C7:F8:C6:2F:15:BB"",""RSSIs"":[-60,-60,-60,-60,-60,-60,-58,-58,-58,-58,-58,-58,-58,-58,-58,-58,-58,-62,-62,-61,-61,-61,-61,-61,-61,-62,-62,-62]},{""BSSID"":""D2:8C:33:3D:CC:0C"",""RSSIs"":[-68,-68,-68,-68,-68,-68,-68,-69,-69,-69,-69,-65,-65,-65,-65,-65,-65,-65,-66,-66,-66,-66,-66,-66,-66,-66,-66,-66,-66,-66,-66,-66,-66,-66]},{""BSSID"":""C3:88:F6:29:A9:DE"",""RSSIs"":[-72,-70,-70,-70,-70,-70,-70,-70,-69,-69,-69,-69,-69,-69,-69,-69,-69,-69,-69,-75,-75,-75,-75,-75,-75,-75,-75,-77,-77,-77,-77,-77,-77]},{""BSSID"":""EE:AF:B9:2E:2C:33"",""RSSIs"":[-80,-80,-80,-80,-80,-73,-73,-73,-73,-73,-70,-70,-70,-70,-70,-70,-71,-71,-71,-83,-83,-83,-83,-83,-74,-74,-74,-74,-74]}]",,,,
6168ee1023cb1643c62cff09,,,,,,"[{""BSSID"":""FD:82:B0:4C:91:BF"",""RSSIs"":[-52,-52,-52,-52,-52,-52,-52,-52,-52,-52,-52,-52,-52,-52,-53,-53,-53,-53,-53,-53,-54,-54,-54,-54,-54,-54,-54,-54,-56,-56,-56,-56,-56,-56]},{""BSSID"":""D2:8C:33:3D:CC:0C"",""RSSIs"":[-57,-57,-57,-60,-60,-60,-60,-60,-61,-60,-60,-60,-60,-60,-60,-60,-60,-62,-62,-62,-62]},{""BSSID"":""EE:AF:B9:2E:2C:33"",""RSSIs"":[-62,-62,-62,-62,-62,-62,-62,-63,-63,-63,-62,-62,-62,-62,-62,-62,-62,-63,-63,-63,-63,-63,-63,-63,-63,-63,-63,-62,-62,-62,-62,-62]},{""BSSID"":""CE:E4:05:BE:70:CD"",""RSSIs"":[-66,-66,-66,-66,-66,-66,-69,-69,-69,-69,-69,-69,-69,-69,-69,-69,-66,-65,-65,-65,-65,-65,-68,-71,-71,-71,-71,-71,-71,-71,-71,-61,-61]},{""BSSID"":""C7:F8:C6:2F:15:BB"",""RSSIs"":[-65,-65,-66,-66,-66,-66,-68,-68,-68,-68,-68,-68,-68,-68,-68,-68,-68,-68,-68,-68,-68,-72,-72,-72,-72,-72,-72,-72,-72,-69]},{""BSSID"":""C3:88:F6:29:A9:DE"",""RSSIs"":[-74,-74,-74,-74,-74,-74,-72,-72,-72,-72,-72,-72,-74,-74,-74,-74,-72,-72,-72,-72,-72,-72,-72,-72,-72,-72,-72,-72,-77,-77,-77,-77,-77,-77,-77]}]",,,,
6168ee2e23cb1643c62cff0a,,,,,,"[{""BSSID"":""FD:82:B0:4C:91:BF"",""RSSIs"":[-48,-48,-48,-48,-48,-51,-52,-52,-52,-52,-52,-52,-52,-50,-52,-52,-52,-52,-52,-52,-52,-65,-65,-50,-50,-50,-50,-50,-50,-50,-51,-51,-51,-51,-51]},{""BSSID"":""D2:8C:33:3D:CC:0C"",""RSSIs"":[-65,-65,-65,-65,-65,-65,-65,-65,-65,-65,-65,-65,-62,-62,-62,-62,-58,-58,-58,-58,-58,-58,-58,-56,-56,-58,-58,-58,-58,-58,-60]},{""BSSID"":""CE:E4:05:BE:70:CD"",""RSSIs"":[-60,-60,-60,-60,-60,-60,-61,-61,-61,-61,-61,-61,-61,-61,-61,-61,-63,-63,-63,-63,-63,-63,-63,-65,-65,-80,-80,-80,-80,-66,-66,-66]},{""BSSID"":""C7:F8:C6:2F:15:BB"",""RSSIs"":[-66,-66,-66,-66,-66,-66,-64,-64,-64,-64,-63,-63,-63,-63,-63,-69,-69,-69,-69,-69,-69,-69,-69,-69,-69,-69,-69,-69,-69,-69,-69,-69,-69]},{""BSSID"":""C3:88:F6:29:A9:DE"",""RSSIs"":[-72,-72,-72,-72,-72,-72,-69,-69,-69,-69,-69,-69,-69,-69,-67,-67,-67,-67,-67,-67,-67,-69,-69,-70,-70,-70,-70,-70,-70,-70,-74,-74,-74,-74]},{""BSSID"":""EE:AF:B9:2E:2C:33"",""RSSIs"":[-71,-71,-71,-71,-71,-71,-71,-73,-73,-73,-73,-73,-73,-73,-81,-81,-81,-81,-81,-81,-81,-81,-81,-81]}]",,,,
6168ee4423cb1643c62cff0b,,,,,,"[{""BSSID"":""FD:82:B0:4C:91:BF"",""RSSIs"":[-47,-47,-47,-47,-47,-47,-48,-48,-48,-48,-48,-48,-48,-48,-48,-48,-48,-45,-45,-45,-45,-45,-45,-45,-45,-45,-45,-45,-45,-45,-45]},{""BSSID"":""C7:F8:C6:2F:15:BB"",""RSSIs"":[-61,-61,-61,-61,-61,-61,-61,-61,-63,-63,-63,-63,-63,-63,-63,-61,-61,-61,-61,-61,-61,-61,-61,-61,-61,-62,-62,-62,-67,-67,-67,-67,-67,-67]},{""BSSID"":""CE:E4:05:BE:70:CD"",""RSSIs"":[-63,-63,-63,-63,-74,-74,-65,-65,-65,-65,-62,-62,-62,-62,-62,-67,-67,-67,-67,-67,-67,-67,-67,-67,-67,-56,-56,-56,-56,-56,-56,-56,-56]},{""BSSID"":""C3:88:F6:29:A9:DE"",""RSSIs"":[-66,-66,-66,-66,-66,-66,-66,-66,-66,-66,-66,-66,-66,-66,-66,-66,-66,-66,-66,-66,-63,-63,-63,-63,-63,-63,-63,-61,-61,-61]},{""BSSID"":""D2:8C:33:3D:CC:0C"",""RSSIs"":[-66,-66,-66,-66,-66,-66,-66,-65,-65,-65,-65,-67,-67,-67,-66,-66,-66,-66,-66,-66,-66,-66,-63,-63,-63,-63,-63,-63,-63,-63,-63,-67,-67,-67,-67]},{""BSSID"":""EE:AF:B9:2E:2C:33"",""RSSIs"":[-89,-89,-89,-89,-89,-89,-89,-89,-89,-89,-80,-80,-80,-80,-80,-79,-79,-75,-75,-75,-75,-74,-74,-74,-74,-63,-63,-63,-63,-63,-63,-63]}]",,,,
6168ee8223cb1643c62cff0c,,,,,,"[{""BSSID"":""FD:82:B0:4C:91:BF"",""RSSIs"":[-32,-32,-31,-31,-31,-31,-31,-31,-31,-31,-31,-31,-31,-31,-31,-31,-31,-31,-31,-31,-31,-31,-31,-31,-31,-32,-32,-32,-31,-31]},{""BSSID"":""CE:E4:05:BE:70:CD"",""RSSIs"":[-55,-55,-55,-55,-55,-55,-55,-55,-55,-53,-53,-53,-53,-53,-53,-56,-56,-56,-56,-56,-56,-56,-56,-56,-56,-56,-56,-54,-54,-54,-54,-54,-54,-54]},{""BSSID"":""D2:8C:33:3D:CC:0C"",""RSSIs"":[-56,-56,-56,-56,-56,-56,-56,-56,-62,-62,-62,-60,-60,-60,-60,-60,-60,-60,-60,-60,-57,-57,-57,-57,-57,-57,-57,-57,-58,-58,-58]},{""BSSID"":""EE:AF:B9:2E:2C:33"",""RSSIs"":[-65,-65,-65,-65,-65,-65,-65,-64,-64,-67,-67,-67,-67,-67,-67,-67,-67,-67,-67,-63,-63,-63,-63,-63,-63,-63,-63,-67,-67,-67,-67,-67,-67]},{""BSSID"":""C3:88:F6:29:A9:DE"",""RSSIs"":[-68,-68,-75,-75,-75,-75,-75,-75,-75,-75,-75,-75,-69,-69,-69,-69,-66,-66,-66,-66,-66,-66,-66,-66,-66,-66,-66,-66,-66]},{""BSSID"":""C7:F8:C6:2F:15:BB"",""RSSIs"":[-76,-76,-76,-77,-77,-77,-77,-77,-77,-77,-77,-77,-77,-80,-79,-79,-79,-79,-79,-79,-79,-79,-79,-74,-74,-74,-77,-77,-77,-77,-77,-70,-70,-70,-70]}]",,,,
6168eedf23cb1643c62cff0d,,,,,,,,,"[{""BSSID"":""FD:82:B0:4C:91:BF"",""RSSIs"":[-61,-61,-61,-61,-61,-61,-61,-61,-61,-61,-61,-61,-61,-61,-61,-62,-62,-62,-62,-62,-62,-62,-62,-62,-62,-62,-62,-62,-62,-62,-62,-62,-62,-62,-62]},{""BSSID"":""CE:E4:05:BE:70:CD"",""RSSIs"":[-67,-67,-67,-67,-67,-67,-65,-65,-65,-65,-66,-66,-65,-65,-65,-65,-65,-65,-65,-65,-65,-65,-65,-65,-65,-65,-65,-65,-65]},{""BSSID"":""D2:8C:33:3D:CC:0C"",""RSSIs"":[-71,-71,-71,-71,-71,-71,-71,-68,-68,-68,-68,-68,-68,-68,-68,-66,-66,-66,-66,-66,-66,-66,-66,-66,-66,-66,-66,-66,-66,-64,-64]},{""BSSID"":""C3:88:F6:29:A9:DE"",""RSSIs"":[-65,-65,-65,-65,-65,-65,-65,-65,-73,-73,-73,-73,-73,-75,-75,-75,-75,-75,-75,-68,-68,-68,-68,-68,-68,-68,-68,-70,-70,-70,-69,-69,-69,-69]},{""BSSID"":""C7:F8:C6:2F:15:BB"",""RSSIs"":[-68,-68,-69,-69,-69,-69,-69,-69,-73,-73,-73,-73,-73,-73,-73,-73,-73,-73,-73,-73,-75,-75,-75,-75,-75,-75,-75,-75,-75,-75]},{""BSSID"":""EE:AF:B9:2E:2C:33"",""RSSIs"":[-78,-78,-78,-78,-78,-78,-78,-80,-80,-80,-80,-80,-80,-80,-79,-79,-79,-79,-79,-79,-79,-79,-79,-79,-79,-79,-79,-79,-79,-76,-76,-76]}]",
6168ef2e23cb1643c62cff0e,,,,,,,,,"[{""BSSID"":""C3:88:F6:29:A9:DE"",""RSSIs"":[-61,-61,-63,-63,-63,-63,-63,-63,-63,-63,-63,-62,-62,-62,-62,-62,-62,-63,-63,-63,-63,-63,-63,-63,-63,-63,-64,-64,-64,-64,-64,-64,-64,-64]},{""BSSID"":""CE:E4:05:BE:70:CD"",""RSSIs"":[-64,-64,-65,-65,-65,-65,-65,-65,-65,-65,-65,-66,-66,-66,-66,-66,-66,-66,-66,-66,-66,-66,-66,-66,-66,-66,-66,-66,-66,-66,-66]},{""BSSID"":""EE:AF:B9:2E:2C:33"",""RSSIs"":[-67,-67,-67,-67,-67,-67,-67,-67,-67,-67,-67,-67,-67,-67,-67,-67,-67,-67,-67,-67,-67,-67,-67,-66,-66,-66,-66,-66,-66,-66]},{""BSSID"":""D2:8C:33:3D:CC:0C"",""RSSIs"":[-67,-67,-67,-67,-67,-67,-67,-67,-67,-67,-67,-67,-67,-67,-67,-67,-67,-67,-67,-67,-67,-67,-67,-67,-68,-68]},{""BSSID"":""C7:F8:C6:2F:15:BB"",""RSSIs"":[-69,-69,-69,-69,-69,-69,-69,-71,-71,-71,-71,-71,-71,-71,-71,-71,-71,-70,-70,-70,-70,-70,-70,-70,-70,-70,-70,-70]},{""BSSID"":""FD:82:B0:4C:91:BF"",""RSSIs"":[-74,-74,-74,-74,-74,-74,-74,-74,-72,-72,-72,-72,-72,-72,-72,-72,-72,-72,-72,-72,-73,-73,-73,-73,-73,-74,-74,-74,-74,-74,-74,-74,-74,-74,-74]}]",
6168ef3f23cb1643c62cff0f,,,,,,,,,"[{""BSSID"":""C3:88:F6:29:A9:DE"",""RSSIs"":[-65,-65,-65,-65,-65,-65,-65,-65,-65,-65,-60,-61,-61,-61,-61,-61,-61,-61,-56,-56,-56,-56,-56,-65,-65,-65,-65,-65,-65,-65,-65,-65,-65]},{""BSSID"":""D2:8C:33:3D:CC:0C"",""RSSIs"":[-63,-63,-63,-63,-63,-63,-63,-63,-63,-63,-61,-61,-61,-61,-61,-61,-61,-61,-61,-61,-61,-64,-64,-64,-64,-64,-64,-64,-64,-64,-64,-64,-64,-64,-78]},{""BSSID"":""CE:E4:05:BE:70:CD"",""RSSIs"":[-65,-62,-62,-62,-62,-62,-62,-62,-62,-62,-62,-67,-64,-64,-64,-64,-64,-64,-69,-69,-69,-69,-69,-69,-62,-62,-62,-62,-62,-62]},{""BSSID"":""EE:AF:B9:2E:2C:33"",""RSSIs"":[-72,-72,-72,-72,-72,-72,-72,-74,-74,-74,-74,-74,-74,-74,-74,-74,-74,-74,-74,-74,-74,-73,-73,-72,-72,-72,-72,-72]},{""BSSID"":""FD:82:B0:4C:91:BF"",""RSSIs"":[-75,-75,-75,-75,-75,-75,-75,-75,-79,-79,-77,-77,-77,-77,-77,-77,-77,-77,-77,-77,-77,-77,-77,-77,-77,-82,-82,-82,-82,-82,-82,-82,-82,-82]},{""BSSID"":""C7:F8:C6:2F:15:BB"",""RSSIs"":[-76,-76,-76,-76,-86,-86,-86,-86,-86,-86,-86,-88,-88,-88,-88,-89,-89,-89,-88,-88,-91,-91,-91,-91,-91,-91,-91,-79,-79,-80,-80]}]",
6168ef5a23cb1643c62cff10,,,,,,,,,"[{""BSSID"":""C3:88:F6:29:A9:DE"",""RSSIs"":[-54,-54,-54,-54,-54,-59,-59,-59,-59,-57,-57,-58,-58,-58,-58,-58,-58,-55,-55,-55,-55,-55,-58,-58,-58,-58,-58,-58,-54,-54]},{""BSSID"":""CE:E4:05:BE:70:CD"",""RSSIs"":[-63,-63,-63,-63,-63,-63,-63,-61,-61,-61,-65,-65,-62,-62,-62,-62,-62,-61,-61,-61,-61,-61,-62,-62,-62,-62,-62,-62,-61,-64,-64,-64,-64,-64]},{""BSSID"":""FD:82:B0:4C:91:BF"",""RSSIs"":[-67,-67,-67,-67,-67,-67,-67,-67,-67,-67,-67,-67,-67,-67,-67,-67,-67,-67,-70,-70,-70,-70,-70,-70,-70,-70,-70,-70,-70,-70,-70,-70,-70]},{""BSSID"":""C7:F8:C6:2F:15:BB"",""RSSIs"":[-72,-72,-72,-72,-72,-72,-72,-81,-81,-81,-81,-81,-69,-69,-69,-69,-69,-69,-69,-69,-69,-69,-69,-69,-69,-69,-69,-69,-70,-70,-70,-70,-70,-70,-70]},{""BSSID"":""D2:8C:33:3D:CC:0C"",""RSSIs"":[-71,-71,-71,-71,-71,-71,-76,-76,-76,-76,-76,-76,-76,-76,-76,-76,-76,-76,-70,-70,-70,-70,-70,-69,-69,-69,-69,-69,-69,-69,-69,-70]},{""BSSID"":""EE:AF:B9:2E:2C:33"",""RSSIs"":[-89,-89,-89,-89,-89,-89,-89,-89,-89,-89,-89,-89,-89,-89,-89,-89,-89,-89,-80,-80,-80,-80,-80,-80,-80,-80,-81,-81,-81]}]",
6168ef6923cb1643c62cff11,,,,,,,,,"[{""BSSID"":""D2:8C:33:3D:CC:0C"",""RSSIs"":[-54,-54,-54,-54,-57,-57,-57,-57,-57,-57,-57,-56,-56,-56,-56,-54,-54,-54,-54,-54,-54,-54,-56,-56,-56,-56,-56,-56,-56,-56,-56,-56,-56,-56]},{""BSSID"":""CE:E4:05:BE:70:CD"",""RSSIs"":[-55,-55,-55,-55,-55,-56,-56,-58,-58,-58,-58,-58,-56,-56,-56,-56,-56,-56,-56,-56,-56,-57,-57,-57,-57,-57,-57,-57,-57]},{""BSSID"":""C3:88:F6:29:A9:DE"",""RSSIs"":[-68,-68,-68,-68,-68,-68,-66,-66,-66,-66,-66,-66,-66,-66,-66,-60,-60,-60,-60,-60,-60,-60,-60,-60,-60,-60,-60,-60,-60,-65,-65,-65,-65]},{""BSSID"":""FD:82:B0:4C:91:BF"",""RSSIs"":[-66,-66,-66,-68,-68,-68,-68,-68,-68,-67,-67,-67,-67,-67,-67,-67,-67,-67,-67,-67,-67,-67,-67,-67,-67,-67,-67,-67,-67,-67,-67,-67,-67,-67,-67]},{""BSSID"":""EE:AF:B9:2E:2C:33"",""RSSIs"":[-70,-70,-70,-70,-70,-70,-69,-69,-69,-69,-69,-69,-69,-69,-69,-69,-70,-70,-70,-70,-70,-70,-70,-70,-70,-69,-69,-69,-69,-69,-69]},{""BSSID"":""C7:F8:C6:2F:15:BB"",""RSSIs"":[-77,-77,-77,-77,-77,-77,-77,-78,-78,-78,-78,-76,-76,-76,-76,-76,-75,-75,-75,-75,-75]}]",
6168efc123cb1643c62cff12,,,"[{""BSSID"":""CE:E4:05:BE:70:CD"",""RSSIs"":[-51,-51,-51,-51,-51,-51,-51,-52,-51,-51,-51,-51,-51,-50,-50,-50,-50,-50,-50,-50,-50,-50,-50,-50,-50,-50,-50,-50,-50,-55,-55,-55,-55,-55,-55]},{""BSSID"":""D2:8C:33:3D:CC:0C"",""RSSIs"":[-65,-65,-65,-65,-65,-65,-65,-65,-65,-65,-65,-65,-65,-62,-62,-62,-62,-62,-62,-62,-62,-66,-66,-66,-66,-66,-66,-66,-65,-65,-65,-65]},{""BSSID"":""FD:82:B0:4C:91:BF"",""RSSIs"":[-72,-72,-72,-72,-72,-72,-72,-72,-71,-71,-71,-71,-71,-69,-69,-67,-67,-67,-67,-67,-67,-60,-60,-60,-60,-60,-60,-60,-60,-60,-60,-60,-61]},{""BSSID"":""EE:AF:B9:2E:2C:33"",""RSSIs"":[-77,-77,-77,-77,-77,-77,-77,-77,-76,-76,-76,-71,-71,-71,-71,-71,-71,-71,-74,-74,-74,-74,-74,-74,-74,-74,-74,-66,-66,-65,-65,-65,-65,-65]},{""BSSID"":""C3:88:F6:29:A9:DE"",""RSSIs"":[-72,-72,-72,-72,-72,-72,-72,-78,-78,-79,-79,-79,-79,-79,-79,-79,-79]},{""BSSID"":""C7:F8:C6:2F:15:BB"",""RSSIs"":[-75,-75,-75,-75,-75,-75,-75,-75,-75,-75,-75,-75,-75,-75,-75,-75,-83,-83,-83,-83,-83,-83,-83,-83,-83,-83,-83,-78,-78]}]",,,,,,,
6168efcc23cb1643c62cff13,,,"[{""BSSID"":""CE:E4:05:BE:70:CD"",""RSSIs"":[-55,-55,-55,-55,-55,-55,-55,-55,-55,-55,-54,-55,-55,-55,-55,-55,-55,-55,-55,-55,-55,-54,-54,-54,-54,-54,-54,-54,-54,-54,-54]},{""BSSID"":""EE:AF:B9:2E:2C:33"",""RSSIs"":[-57,-57,-57,-57,-57,-57,-57,-57,-58,-58,-57,-57,-57,-57,-57,-57,-58,-58,-58,-58,-58,-58,-58,-58,-58,-58,-58,-58,-58,-58,-58,-58,-58,-58,-58]},{""BSSID"":""D2:8C:33:3D:CC:0C"",""RSSIs"":[-64,-67,-67,-67,-67,-67,-67,-67,-67,-67,-70,-70,-67,-67,-67,-67,-67,-67,-67,-67,-67,-67,-62,-62,-62,-62,-62,-62,-62,-63,-63,-63,-67,-67]},{""BSSID"":""FD:82:B0:4C:91:BF"",""RSSIs"":[-66,-66,-66,-66,-66,-66,-66,-66,-66,-66,-68,-68,-68,-68,-68,-68,-68,-68,-68,-68,-68,-70,-70,-70,-70,-70,-70,-74]},{""BSSID"":""C7:F8:C6:2F:15:BB"",""RSSIs"":[-68,-68,-68,-68,-68,-68,-74,-74,-74,-74,-74,-74,-74,-74,-74,-73,-73,-73,-73,-73,-73,-74,-74,-74,-74,-74,-74,-74,-74,-74,-74,-74]},{""BSSID"":""C3:88:F6:29:A9:DE"",""RSSIs"":[-85,-85,-85,-85,-85,-85,-85,-79,-79,-79,-79,-79,-79,-79,-79,-80,-79,-79,-79,-79,-79,-79,-79,-79,-79,-79,-79,-79,-79,-79]}]",,,,,,,
6168efe723cb1643c62cff14,,,"[{""BSSID"":""CE:E4:05:BE:70:CD"",""RSSIs"":[-56,-55,-55,-55,-55,-60,-60,-60,-60,-60,-60,-60,-56,-57,-57,-57,-57,-60,-60,-60,-60,-60,-60,-60,-60,-58,-58,-58,-60,-57,-57,-57,-57]},{""BSSID"":""D2:8C:33:3D:CC:0C"",""RSSIs"":[-75,-75,-75,-75,-75,-75,-66,-66,-66,-66,-66,-66,-66,-65,-65,-65,-68,-68,-68,-68,-66,-66,-66,-66,-67,-67,-67,-67,-67,-68,-68,-68,-68,-68,-68]},{""BSSID"":""FD:82:B0:4C:91:BF"",""RSSIs"":[-65,-65,-65,-65,-65,-65,-65,-65,-74,-74,-74,-74,-74,-68,-68,-68,-68,-68,-68,-68,-68,-73,-73,-73,-73,-73,-73,-73,-68,-68,-68]},{""BSSID"":""C7:F8:C6:2F:15:BB"",""RSSIs"":[-73,-73,-73,-73,-73,-73,-73,-73,-74,-74,-74,-74,-74,-74,-74,-74,-74,-74,-74,-74,-74,-74,-69,-69,-69,-69,-69,-69,-69,-69,-69,-69,-69,-70]},{""BSSID"":""EE:AF:B9:2E:2C:33"",""RSSIs"":[-69,-69,-69,-75,-75,-75,-75,-75,-75,-75,-75,-75,-75,-69,-69,-69,-73,-73,-73,-73,-73,-73,-73,-73,-73,-73,-73,-73,-74,-74]},{""BSSID"":""C3:88:F6:29:A9:DE"",""RSSIs"":[-72,-72,-72,-72,-72,-72,-72,-72,-72,-72,-72,-72,-72,-72,-72,-78,-78,-78,-78,-78,-78,-78,-78,-78]}]",,,,,,,
6168eff923cb1643c62cff15,,,"[{""BSSID"":""EE:AF:B9:2E:2C:33"",""RSSIs"":[-53,-53,-53,-54,-54,-54,-54,-55,-55,-55,-55,-55,-55,-55,-55,-55,-55,-55,-53,-53,-53,-53,-53,-53,-53,-53,-53,-53,-53,-53,-53,-53,-53,-53,-56]},{""BSSID"":""FD:82:B0:4C:91:BF"",""RSSIs"":[-62,-60,-60,-60,-60,-60,-60,-60,-60,-64,-64,-64,-64,-64,-64,-60,-60,-60,-60,-60,-60,-60,-60,-60,-60,-60,-60,-60,-60,-60]},{""BSSID"":""D2:8C:33:3D:CC:0C"",""RSSIs"":[-65,-65,-65,-65,-65,-65,-65,-64,-61,-61,-61,-61,-61,-62,-62,-62,-62,-62,-62,-62,-62,-63,-63,-63,-63,-63,-63,-63,-61,-61,-61,-61,-61]},{""BSSID"":""CE:E4:05:BE:70:CD"",""RSSIs"":[-63,-63,-63,-63,-63,-63,-63,-63,-63,-63,-63,-62,-62,-62,-62,-62,-62,-62,-62,-62,-62,-62,-62,-62,-58,-64,-64,-64,-64,-64,-64,-64,-65,-65]},{""BSSID"":""C7:F8:C6:2F:15:BB"",""RSSIs"":[-78,-78,-78,-78,-78,-78,-78,-78,-78,-71,-71,-71,-69,-69,-69,-75,-75,-75,-75,-75,-81,-81,-81,-76,-76,-76,-76,-82,-82,-82,-82]},{""BSSID"":""C3:88:F6:29:A9:DE"",""RSSIs"":[-75,-75,-75,-75,-75,-75,-75,-75,-75,-75,-78,-78,-78,-78,-78,-78,-78,-81,-81,-81,-81,-81,-81,-81]}]",,,,,,,
6168f00823cb1643c62cff16,,,"[{""BSSID"":""CE:E4:05:BE:70:CD"",""RSSIs"":[-50,-51,-51,-51,-51,-51,-51,-51,-50,-51,-51,-51,-51,-51,-50,-51,-51,-51,-51,-51,-51,-51,-51,-50,-50,-50,-50,-50,-50,-50]},{""BSSID"":""D2:8C:33:3D:CC:0C"",""RSSIs"":[-56,-56,-56,-56,-56,-56,-56,-56,-56,-56,-56,-56,-56,-56,-56,-56,-56,-55,-55,-55,-55,-55,-55,-54,-54,-54,-54,-54,-54,-54,-54,-53,-53,-53]},{""BSSID"":""EE:AF:B9:2E:2C:33"",""RSSIs"":[-60,-60,-60,-60,-60,-60,-60,-60,-57,-57,-57,-57,-57,-57,-57,-56,-56,-56,-56,-56,-56,-57,-57,-57,-57,-57,-58,-58,-58,-58,-58,-58,-58,-58,-58]},{""BSSID"":""FD:82:B0:4C:91:BF"",""RSSIs"":[-63,-63,-63,-63,-63,-63,-63,-63,-63,-63,-63,-63,-63,-60,-64,-64,-64,-64,-64,-64,-60,-60,-60,-60,-60,-60,-60,-60,-60,-60,-62,-62]},{""BSSID"":""C7:F8:C6:2F:15:BB"",""RSSIs"":[-70,-70,-70,-70,-70,-70,-70,-70,-72,-72,-72,-72,-72,-72,-72,-72,-72,-72,-66,-66,-66,-66,-66,-69,-69,-69,-69,-69,-69,-69,-69]},{""BSSID"":""C3:88:F6:29:A9:DE"",""RSSIs"":[-80,-80,-80,-80,-80,-80,-80,-80,-80,-80,-80,-80,-80,-80,-80,-80,-80,-80,-80,-80,-80,-80,-80,-80]}]",,,,,,,
6168f04523cb1643c62cff17,,,,,,,"[{""BSSID"":""D2:8C:33:3D:CC:0C"",""RSSIs"":[-54,-54,-54,-54,-54,-54,-54,-54,-54,-54,-56,-56,-56,-56,-55,-55,-55,-55,-56,-56,-56,-56,-56,-56,-56,-56,-56,-56,-56,-71,-71]},{""BSSID"":""FD:82:B0:4C:91:BF"",""RSSIs"":[-57,-57,-57,-60,-60,-60,-56,-56,-56,-56,-56,-56,-56,-56,-56,-56,-56,-56,-56,-56,-54,-55,-55,-55,-55,-55]},{""BSSID"":""CE:E4:05:BE:70:CD"",""RSSIs"":[-58,-58,-58,-58,-58,-69,-68,-68,-68,-68,-68,-68,-68,-68,-68,-68,-68,-68,-68,-68,-63,-62,-62,-62,-62,-62,-64,-62,-62,-62,-62,-62,-62,-62,-62]},{""BSSID"":""C7:F8:C6:2F:15:BB"",""RSSIs"":[-68,-68,-68,-68,-68,-68,-69,-69,-69,-69,-69,-69,-71,-71,-71,-69,-69,-69,-69,-68,-68,-68]},{""BSSID"":""C3:88:F6:29:A9:DE"",""RSSIs"":[-71,-71,-71,-71,-71,-71,-71,-71,-71,-70,-70,-70,-70,-70,-70,-70,-70,-70,-70,-70,-70,-70,-70,-70,-70,-70,-70,-70,-70,-70,-70,-70,-70,-69]},{""BSSID"":""EE:AF:B9:2E:2C:33"",""RSSIs"":[-74,-74,-74,-74,-74,-77,-87,-87,-87,-87,-87,-87,-87,-87,-87,-73,-73,-73,-73,-73,-73,-73,-72,-72,-72,-72,-72,-72,-72,-63,-63,-63,-63]}]",,,
6168f06923cb1643c62cff18,,,,,,,"[{""BSSID"":""FD:82:B0:4C:91:BF"",""RSSIs"":[-53,-53,-53,-53,-53,-52,-52,-52,-50,-50,-50,-50,-50,-50,-50,-50,-50,-53,-53,-53,-53,-53,-51,-51,-52,-52,-52,-52,-52,-52,-52,-52,-52,-52]},{""BSSID"":""CE:E4:05:BE:70:CD"",""RSSIs"":[-52,-52,-52,-52,-52,-53,-53,-53,-53,-53,-53,-53,-51,-51,-52,-52,-52,-52,-52,-52,-54,-54,-53,-53,-53,-53,-53,-53,-53,-53,-53,-53,-53,-54,-60]},{""BSSID"":""EE:AF:B9:2E:2C:33"",""RSSIs"":[-61,-61,-61,-61,-61,-61,-61,-61,-60,-60,-60,-60,-60,-60,-60,-60,-60,-61,-61,-60,-60,-60,-60,-60,-60,-60,-60,-60,-60,-60,-60,-60,-60]},{""BSSID"":""D2:8C:33:3D:CC:0C"",""RSSIs"":[-61,-61,-61,-61,-64,-64,-64,-64,-60,-60,-60,-60,-60,-63,-63,-63,-63,-63,-63,-63,-63,-63,-63,-63,-63,-63,-62,-62,-62,-62,-62,-62]},{""BSSID"":""C3:88:F6:29:A9:DE"",""RSSIs"":[-66,-66,-66,-66,-66,-66,-66,-66,-66,-69,-69,-69,-69,-69,-69,-69,-71,-71,-71,-71,-69,-69,-69,-69,-69,-69,-69]},{""BSSID"":""C7:F8:C6:2F:15:BB"",""RSSIs"":[-81,-81,-81,-81,-81,-81,-81,-81,-81,-72,-72,-82,-82,-82,-82,-82,-82,-82,-82,-82,-82,-82,-82,-82,-82,-82,-82,-82,-75,-75,-75]}]",,,
6168f08a23cb1643c62cff19,,,,,,,"[{""BSSID"":""FD:82:B0:4C:91:BF"",""RSSIs"":[-54,-54,-51,-51,-51,-51,-51,-51,-51,-51,-51,-51,-51,-51,-51,-51,-51,-51,-51,-52,-52,-52,-52,-52,-52,-52,-52,-52,-52,-52]},{""BSSID"":""D2:8C:33:3D:CC:0C"",""RSSIs"":[-58,-58,-58,-58,-58,-58,-58,-58,-58,-58,-58,-58,-58,-58,-58,-58,-57,-57,-57,-57,-57,-57,-57,-56,-56,-56,-56,-58,-58,-58,-58,-58,-58]},{""BSSID"":""CE:E4:05:BE:70:CD"",""RSSIs"":[-62,-62,-62,-62,-62,-62,-62,-62,-62,-62,-62,-62,-62,-62,-62,-62,-62,-62,-59,-59,-59,-59,-59,-59,-59,-59,-59,-57,-60,-60,-60,-60]},{""BSSID"":""C7:F8:C6:2F:15:BB"",""RSSIs"":[-69,-69,-69,-69,-69,-69,-69,-69,-69,-66,-66,-66,-67,-67,-67,-67,-67,-67,-67,-64,-64,-64,-64,-64,-64,-64,-64,-64,-64,-64,-64]},{""BSSID"":""C3:88:F6:29:A9:DE"",""RSSIs"":[-74,-74,-74,-74,-74,-74,-74,-74,-74,-79,-79,-72,-72,-72,-72,-72,-72,-72,-72,-74,-74,-74,-74,-74,-74,-74,-74]},{""BSSID"":""EE:AF:B9:2E:2C:33"",""RSSIs"":[-84,-86,-86,-86,-86,-86,-86,-86,-86,-76,-76,-76,-76,-76,-76,-72,-72,-72,-72,-72,-72,-72,-70,-70,-70,-70,-70,-70,-65,-65,-65,-65,-69,-69,-69]}]",,,
6168f0b023cb1643c62cff1a,,,,,,,"[{""BSSID"":""CE:E4:05:BE:70:CD"",""RSSIs"":[-57,-57,-57,-57,-55,-55,-55,-55,-55,-55,-55,-54,-54,-54,-54,-54,-54,-54,-54,-54,-55,-55,-55,-55,-55,-55,-55,-55,-52,-52]},{""BSSID"":""EE:AF:B9:2E:2C:33"",""RSSIs"":[-60,-60,-60,-60,-60,-60,-60,-57,-57,-57,-61,-61,-61,-61,-61,-61,-61,-61,-61,-61,-61,-61,-61,-61,-61,-61,-61,-61,-62,-62,-62,-62,-62,-62,-62]},{""BSSID"":""FD:82:B0:4C:91:BF"",""RSSIs"":[-53,-53,-53,-53,-53,-53,-53,-53,-53,-65,-65,-65,-65,-65,-65,-65,-65,-65,-65,-65,-65,-65,-65,-65,-65,-65,-67,-67,-67,-67,-67]},{""BSSID"":""D2:8C:33:3D:CC:0C"",""RSSIs"":[-60,-60,-60,-67,-67,-67,-67,-67,-67,-65,-65,-65,-65,-65,-65,-65,-65,-65,-65,-65,-65,-64,-64,-64,-64,-64,-64,-64,-64,-64,-64,-64]},{""BSSID"":""C7:F8:C6:2F:15:BB"",""RSSIs"":[-78,-78,-78,-74,-74,-74,-74,-76,-76,-76,-76,-76,-76,-76,-76,-76,-76,-76,-76,-76,-76,-75,-75,-75,-72,-72,-72]},{""BSSID"":""C3:88:F6:29:A9:DE"",""RSSIs"":[-76,-76,-76,-76,-76,-76,-76,-76,-76,-76,-76,-76,-76,-75,-75,-75,-75,-75,-75,-75,-75,-76,-76,-76,-76,-76,-76,-76,-76,-76,-76,-76,-76,-76]}]",,,
6168f0ca23cb1643c62cff1b,,,,,,,"[{""BSSID"":""D2:8C:33:3D:CC:0C"",""RSSIs"":[-45,-45,-45,-45,-45,-45,-47,-47,-47,-47,-47,-47,-47,-47,-47,-47,-47,-45,-45,-45,-46,-46,-46,-46,-46,-46,-48,-48,-48,-48,-48,-48,-48,-48,-48]},{""BSSID"":""CE:E4:05:BE:70:CD"",""RSSIs"":[-47,-47,-47,-47,-47,-47,-47,-47,-47,-47,-47,-47,-47,-47,-47,-47,-47,-47,-47,-47,-47,-47,-47,-47,-47,-47,-47,-47,-47,-46]},{""BSSID"":""EE:AF:B9:2E:2C:33"",""RSSIs"":[-68,-68,-68,-68,-67,-67,-67,-67,-67,-67,-67,-65,-65,-65,-65,-65,-65,-65,-65,-65,-64,-65,-65,-65,-65,-65,-65,-65,-65,-65,-65]},{""BSSID"":""C3:88:F6:29:A9:DE"",""RSSIs"":[-66,-66,-67,-67,-67,-67,-67,-67,-67,-67,-67,-67,-68,-68,-68,-68,-68,-68,-68,-68,-68,-68,-68,-68,-68,-68,-68,-68,-68,-68,-68,-68,-68,-68]},{""BSSID"":""FD:82:B0:4C:91:BF"",""RSSIs"":[-72,-72,-72,-72,-72,-72,-72,-72,-72,-72,-71,-71,-71,-71,-71,-71,-71,-71,-71,-68,-66,-66,-66,-66,-66,-66,-66,-66,-66,-66,-66,-66,-66]},{""BSSID"":""C7:F8:C6:2F:15:BB"",""RSSIs"":[-75,-75,-75,-75,-75,-75,-75,-75,-75,-75,-75,-74,-74,-74,-74,-74,-74,-74,-74,-74,-74,-74,-74,-74,-75,-75,-75,-75]}]",,,
6168f12b23cb1643c62cff1c,,,,,,,,,,"[{""BSSID"":""CE:E4:05:BE:70:CD"",""RSSIs"":[-55,-56,-56,-56,-56,-56,-56,-56,-56,-58,-58,-58,-58,-58,-58,-58,-58,-58,-58,-58,-58,-58,-58,-58,-58,-58,-58,-58,-58,-58,-58,-58,-58,-58,-58]},{""BSSID"":""D2:8C:33:3D:CC:0C"",""RSSIs"":[-58,-58,-58,-58,-58,-58,-58,-58,-59,-59,-59,-59,-59,-58,-58,-58,-58,-58,-58,-58,-58,-58,-58,-58,-58,-58,-58,-58,-58,-58]},{""BSSID"":""FD:82:B0:4C:91:BF"",""RSSIs"":[-60,-60,-60,-60,-60,-60,-60,-60,-58,-58,-58,-58,-58,-58,-58,-58,-58,-58,-58,-58,-58,-58,-58,-58,-58,-58,-58,-58,-58,-58,-58]},{""BSSID"":""C3:88:F6:29:A9:DE"",""RSSIs"":[-70,-70,-70,-70,-70,-70,-70,-70,-70,-70,-70,-70,-70,-70,-70,-70,-70,-70,-68,-68,-68,-68,-68,-68,-68,-68,-69,-69,-69]},{""BSSID"":""EE:AF:B9:2E:2C:33"",""RSSIs"":[-71,-71,-71,-71,-71,-71,-71,-71,-71,-71,-71,-71,-71,-71,-71,-73,-73,-73,-73,-73,-73,-73,-73,-73,-73,-73,-73,-73,-73,-73,-73,-73,-73]},{""BSSID"":""C7:F8:C6:2F:15:BB"",""RSSIs"":[-76,-76,-76,-76,-76,-76,-76,-75,-74,-74,-74,-74,-74,-74,-74,-74,-78,-78,-78,-78,-78,-78,-78,-78,-78,-78,-74,-74,-74,-74,-74,-73]}]"
6168f1be23cb1643c62cff1d,,,,,,,,,,"[{""BSSID"":""D2:8C:33:3D:CC:0C"",""RSSIs"":[-54,-54,-54,-55,-55,-55,-54,-54,-54,-54,-54,-54,-53,-53,-53,-53,-53,-52,-52,-52,-52,-53,-53,-53,-53,-53,-53,-53,-53,-53,-53,-53]},{""BSSID"":""CE:E4:05:BE:70:CD"",""RSSIs"":[-53,-54,-54,-54,-54,-54,-54,-55,-55,-55,-55,-58,-58,-58,-58,-58,-58,-58,-58,-58,-58,-58,-57,-57,-57,-57,-58,-58,-58,-58,-58,-58,-58,-58,-58]},{""BSSID"":""C3:88:F6:29:A9:DE"",""RSSIs"":[-65,-65,-65,-65,-65,-65,-65,-65,-65,-65,-65,-65,-65,-65,-65,-65,-65,-65,-65,-65,-65,-65,-65,-65,-65,-65,-65,-65,-65,-65]},{""BSSID"":""EE:AF:B9:2E:2C:33"",""RSSIs"":[-74,-74,-74,-74,-74,-74,-74,-74,-74,-74,-74,-74,-74,-74,-74,-58]},{""BSSID"":""FD:82:B0:4C:91:BF"",""RSSIs"":[-74,-74,-74,-74,-74,-74,-74,-74,-74,-74,-74,-74,-82,-82,-82,-82,-82,-82,-82,-82,-82,-82,-82,-82,-82,-86,-86,-86,-86,-62,-62]},{""BSSID"":""C7:F8:C6:2F:15:BB"",""RSSIs"":[-78,-78,-78,-78,-78,-78,-78,-78,-78,-78,-80,-80,-80,-80,-80,-80,-80,-80,-80,-80,-80,-80,-80,-80,-80,-80,-80,-80,-80,-80,-80,-80,-80]}]"
6168f1c823cb1643c62cff1e,,,,,,,,,,"[{""BSSID"":""C3:88:F6:29:A9:DE"",""RSSIs"":[-56,-56,-56,-56,-56,-56,-56,-56,-56,-56,-58,-58,-58,-58,-58,-58,-56,-56,-56,-60,-60,-60,-60,-60,-60,-60,-60,-60,-60,-60,-63,-63,-63,-63,-63]},{""BSSID"":""D2:8C:33:3D:CC:0C"",""RSSIs"":[-61,-61,-61,-61,-61,-61,-61,-60,-60,-60,-60,-60,-61,-62,-62,-62,-62,-62,-62,-62,-62,-62,-62,-62,-62,-62,-62]},{""BSSID"":""CE:E4:05:BE:70:CD"",""RSSIs"":[-64,-64,-69,-69,-69,-69,-69,-69,-69,-69,-63,-63,-63,-63,-63,-58,-58,-58,-58,-58,-56,-56,-56,-56,-56,-56,-56,-56,-56,-59,-59,-59]},{""BSSID"":""FD:82:B0:4C:91:BF"",""RSSIs"":[-69,-69,-69,-69,-69,-69,-69,-69,-72,-72,-72,-72,-72,-68,-68,-68,-74,-74,-74,-74,-74,-74,-74,-75,-75,-75,-75,-75,-77,-77,-77,-77,-77,-77]},{""BSSID"":""EE:AF:B9:2E:2C:33"",""RSSIs"":[-76,-76,-76,-76,-75,-75,-75,-75,-75,-74,-74,-74,-74,-74,-74,-74,-74,-74,-74,-74,-74,-74,-74,-73,-73,-73,-73,-73,-73,-73,-73,-73,-73]},{""BSSID"":""C7:F8:C6:2F:15:BB"",""RSSIs"":[-76,-76,-76,-76,-76,-76,-76,-76,-75,-75,-75,-75,-75,-75,-75,-75,-75,-75,-75,-75,-75,-75,-78,-78,-78,-78,-78,-78,-78,-78,-78]}]"
6168f23723cb1643c62cff1f,,,,,,,,,,"[{""BSSID"":""D2:8C:33:3D:CC:0C"",""RSSIs"":[-47,-47,-47,-47,-47,-47,-47,-47,-47,-46,-46,-46,-46,-46,-46,-46,-46,-46,-46,-46,-46,-46,-46,-46,-46,-46,-46,-46,-46,-43,-43,-43,-43,-43,-43]},{""BSSID"":""CE:E4:05:BE:70:CD"",""RSSIs"":[-47,-47,-47,-47,-47,-47,-47,-47,-47,-47,-47,-47,-47,-47,-47,-47,-47,-47,-47,-47,-47,-47,-47,-47,-47,-47,-47,-47,-47,-47,-47,-50,-50,-50]},{""BSSID"":""FD:82:B0:4C:91:BF"",""RSSIs"":[-60,-60,-60,-60,-60,-60,-60,-60,-60,-60,-60,-60,-60,-60,-60,-60,-60,-60,-60,-60,-60,-60,-60,-70,-70,-70,-70,-70,-70,-70]},{""BSSID"":""EE:AF:B9:2E:2C:33"",""RSSIs"":[-69,-69,-69,-69,-69,-69,-69,-69,-70,-70,-70,-70,-70,-70,-70,-70,-71,-70,-70,-70,-70,-70,-70,-70,-68,-68,-68,-68,-68,-68,-68,-68,-68]},{""BSSID"":""C3:88:F6:29:A9:DE"",""RSSIs"":[-71,-71,-71,-71,-71,-71,-71,-71,-72,-72,-72,-73,-73,-73,-73,-73,-73,-73,-73,-73,-73,-74,-74,-74,-74,-74,-74,-74,-74]},{""BSSID"":""C7:F8:C6:2F:15:BB"",""RSSIs"":[-73,-73,-73,-73,-73,-73,-73,-73,-74,-74,-74,-74,-74,-74,-74,-74,-74,-75,-75,-75,-75,-75,-75,-75,-75,-75,-75,-75,-75,-75,-75,-75]}]"
6168f23b23cb1643c62cff20,,,,,,,,,,"[{""BSSID"":""D2:8C:33:3D:CC:0C"",""RSSIs"":[-54,-54,-54,-54,-54,-54,-54,-54,-49,-49,-49,-49,-49,-48,-48,-48,-48,-49,-49,-49,-48,-48,-48,-48,-48,-48,-48,-48,-48,-48,-48]},{""BSSID"":""CE:E4:05:BE:70:CD"",""RSSIs"":[-66,-66,-66,-66,-66,-66,-66,-66,-63,-62,-62,-62,-62,-62,-62,-62,-63,-63,-63,-63,-63,-63,-62,-62,-62,-62,-63,-63,-63]},{""BSSID"":""FD:82:B0:4C:91:BF"",""RSSIs"":[-68,-68,-68,-67,-67,-67,-67,-67,-67,-67,-67,-67,-67,-67,-67,-67,-67,-67,-67,-74,-74,-74,-74,-74,-74,-75,-75,-75,-75,-75,-75,-75,-75,-75,-75]},{""BSSID"":""EE:AF:B9:2E:2C:33"",""RSSIs"":[-71,-73,-73,-73,-73,-73,-75,-75,-75,-75,-75,-75,-75,-75,-75,-76,-76,-76,-76,-76,-76,-76,-75,-75,-75,-75,-74,-74,-74,-74,-74,-74,-74,-74]},{""BSSID"":""C3:88:F6:29:A9:DE"",""RSSIs"":[-82,-82,-82,-82,-82,-82,-82,-75,-75,-74,-74,-74,-74,-74,-74,-76,-76,-76,-76,-76,-76,-76,-76,-76]},{""BSSID"":""C7:F8:C6:2F:15:BB"",""RSSIs"":[-86,-86,-86,-81,-81,-81,-81,-81,-78,-78,-78,-78,-78,-78,-78,-78,-78,-78,-78,-78,-78,-78,-78,-78,-78,-78,-79,-79,-79,-79]}]"
6168f2ed23cb1643c62cff21,,,,"[{""BSSID"":""EE:AF:B9:2E:2C:33"",""RSSIs"":[-56,-56,-55,-55,-55,-55,-55,-55,-55,-55,-49,-49,-49,-49,-49,-49,-49,-49,-49,-49,-49,-49,-49,-49,-49,-49,-49,-49,-49,-49,-49,-49,-49]},{""BSSID"":""FD:82:B0:4C:91:BF"",""RSSIs"":[-58,-58,-58,-58,-58,-58,-58,-58,-58,-58,-56,-56,-56,-56,-60,-60,-60,-60,-60,-60,-60,-60,-60,-60,-60,-60,-60,-60,-60,-60,-62,-62,-62,-62,-62]},{""BSSID"":""CE:E4:05:BE:70:CD"",""RSSIs"":[-60,-60,-60,-60,-62,-62,-62,-62,-60,-60,-60,-60,-60,-60,-61,-62,-62,-62,-62,-62,-62,-62,-62,-61,-61,-61,-61,-61,-61,-61,-61,-56]},{""BSSID"":""D2:8C:33:3D:CC:0C"",""RSSIs"":[-68,-68,-68,-65,-65,-65,-65,-65,-65,-65,-65,-65,-65,-65,-65,-65,-72,-72,-72,-72,-66,-66,-66,-66,-76,-76,-76,-64,-64,-64]},{""BSSID"":""C7:F8:C6:2F:15:BB"",""RSSIs"":[-73,-73,-73,-73,-73,-73,-73,-72,-72,-72,-76,-76,-76,-76,-76,-76,-76,-76,-76,-76,-76,-76,-74,-74,-74,-74,-74,-84,-84]},{""BSSID"":""C3:88:F6:29:A9:DE"",""RSSIs"":[-75,-75,-75,-75,-75,-75,-75,-75,-73,-73,-73,-73,-73,-73,-74,-74,-74,-74,-74,-74,-74,-74,-74,-82,-82,-82,-82,-82,-82,-82,-82,-82,-82,-82]}]",,,,,,
6168f2f023cb1643c62cff22,,,,"[{""BSSID"":""D2:8C:33:3D:CC:0C"",""RSSIs"":[-58,-58,-58,-58,-56,-56,-56,-56,-58,-58,-58,-58,-58,-58,-57,-57,-57,-57,-57,-57,-57,-62,-62,-61,-61,-61,-61,-61,-61,-61,-61,-61,-61,-61]},{""BSSID"":""EE:AF:B9:2E:2C:33"",""RSSIs"":[-60,-60,-60,-60,-60,-60,-60,-60,-62,-57,-57,-57,-57,-57,-57,-57,-60,-60,-60,-60,-60,-60,-61]},{""BSSID"":""CE:E4:05:BE:70:CD"",""RSSIs"":[-62,-62,-62,-62,-62,-62,-62,-61,-61,-61,-61,-61,-61,-63,-54,-54,-54,-54,-54,-54,-54,-54,-67,-64,-64,-64,-64,-64,-64,-64,-64]},{""BSSID"":""FD:82:B0:4C:91:BF"",""RSSIs"":[-71,-71,-74,-74,-74,-74,-74,-74,-73,-73,-68,-68,-68,-68,-66,-66,-66,-66,-66,-64,-64,-64,-64,-64,-64,-64,-64,-64,-64,-64,-65,-65,-65,-65,-65]},{""BSSID"":""C7:F8:C6:2F:15:BB"",""RSSIs"":[-71,-72,-72,-72,-72,-72,-72,-72,-72,-72,-71,-71,-71,-71,-71,-71,-71,-71,-71,-72,-72,-72,-72,-71,-71,-71,-71,-71,-71]},{""BSSID"":""C3:88:F6:29:A9:DE"",""RSSIs"":[-77,-77,-77,-77,-77,-77,-77,-77,-77,-77,-77,-77,-77,-77,-77,-77,-77,-77,-77,-77,-77,-77,-77,-77,-77,-77,-77,-77,-77,-77,-83,-83]}]",,,,,,
6168f2f223cb1643c62cff23,,,,"[{""BSSID"":""CE:E4:05:BE:70:CD"",""RSSIs"":[-48,-48,-48,-48,-48,-48,-48,-46,-48,-48,-48,-48,-48,-48,-48,-47,-46,-46,-46,-46,-46,-44,-44,-44,-45,-45,-45,-45,-42,-42,-42,-42,-42,-42,-49]},{""BSSID"":""EE:AF:B9:2E:2C:33"",""RSSIs"":[-58,-58,-58,-58,-58,-57,-57,-57,-57,-57,-57,-57,-57,-57,-57,-57,-57,-57,-57,-54,-54,-55,-55,-55,-55,-55,-55,-55,-56,-56,-56,-56,-56,-56]},{""BSSID"":""D2:8C:33:3D:CC:0C"",""RSSIs"":[-66,-66,-66,-66,-66,-66,-66,-70,-70,-70,-70,-70,-70,-70,-70,-65,-65,-65,-65,-65,-65,-65,-61,-61,-61,-61,-61,-61,-63,-63,-63,-63]},{""BSSID"":""FD:82:B0:4C:91:BF"",""RSSIs"":[-67,-67,-67,-67,-67,-67,-67,-67,-67,-73,-73,-73,-73,-73,-73,-73,-73,-74,-74,-74,-74,-74,-74,-74,-70,-70,-70,-70,-70,-70,-77,-77,-77]},{""BSSID"":""C7:F8:C6:2F:15:BB"",""RSSIs"":[-79,-79,-79,-79,-79,-75,-75,-75,-75,-75,-75,-75,-75,-75,-72,-72,-72,-72,-72,-72,-72,-77,-77,-77,-77,-77]},{""BSSID"":""C3:88:F6:29:A9:DE"",""RSSIs"":[-77,-77,-77,-77,-77,-77,-77,-79,-79,-79,-79,-79,-79,-79,-79,-79,-79,-79,-79,-79,-79,-79,-85,-85,-85,-85,-85,-85,-85,-85]}]",,,,,,
6168f2f423cb1643c62cff24,,,,"[{""BSSID"":""EE:AF:B9:2E:2C:33"",""RSSIs"":[-56,-56,-56,-56,-56,-56,-58,-58,-54,-54,-54,-54,-54,-54,-54,-54,-55,-55,-55,-55,-55,-55,-55,-55,-55,-55,-58,-58,-58,-58,-58,-56,-56,-56,-56]},{""BSSID"":""CE:E4:05:BE:70:CD"",""RSSIs"":[-52,-52,-52,-52,-52,-52,-52,-55,-55,-55,-55,-55,-55,-55,-55,-60,-61,-61,-61,-61,-61,-61,-58,-57,-57,-57,-57,-57]},{""BSSID"":""D2:8C:33:3D:CC:0C"",""RSSIs"":[-63,-63,-63,-63,-63,-63,-63,-63,-63,-63,-63,-63,-63,-63,-63,-63,-62,-62,-63,-63,-63,-63,-63,-63,-63,-63,-66,-66,-66,-66,-66,-66,-66]},{""BSSID"":""FD:82:B0:4C:91:BF"",""RSSIs"":[-70,-70,-71,-71,-71,-71,-71,-71,-71,-71,-72,-72,-72,-72,-72,-72,-71,-71,-71,-71,-71,-69,-69,-69,-70,-70,-70,-70,-70,-68,-68,-67]},{""BSSID"":""C3:88:F6:29:A9:DE"",""RSSIs"":[-82,-82,-82,-82,-82,-82,-82,-82,-79,-79,-79,-78,-78,-78,-78,-78,-78,-78,-78,-78,-78,-78,-78,-78,-78,-78,-78,-78,-78,-78,-78]},{""BSSID"":""C7:F8:C6:2F:15:BB"",""RSSIs"":[-82,-82,-82,-82,-82,-82,-82,-82,-80,-80,-80,-80,-80,-80,-80,-80,-84,-84,-84,-84,-75,-75,-75,-75,-78,-78,-78,-78,-78,-78,-78,-78,-78,-78]}]",,,,,,
6168f2f623cb1643c62cff25,,,,"[{""BSSID"":""CE:E4:05:BE:70:CD"",""RSSIs"":[-52,-52,-52,-52,-52,-52,-52,-51,-56,-56,-56,-56,-56,-56,-54,-54,-54,-54,-54,-54,-54,-55,-55,-55,-55,-53,-53,-53,-53,-53,-53,-53,-53,-53,-53]},{""BSSID"":""D2:8C:33:3D:CC:0C"",""RSSIs"":[-58,-58,-58,-58,-58,-58,-58,-58,-58,-58,-58,-58,-58,-58,-58,-58,-58,-58,-58,-58,-58,-58,-58,-58,-60]},{""BSSID"":""EE:AF:B9:2E:2C:33"",""RSSIs"":[-61,-61,-61,-61,-64,-64,-64,-64,-64,-64,-64,-64,-62,-62,-64,-64,-64,-64,-64,-65,-65,-65,-62,-62,-62,-62,-62,-62,-62,-62,-62,-66,-66,-66]},{""BSSID"":""FD:82:B0:4C:91:BF"",""RSSIs"":[-71,-71,-71,-71,-71,-71,-71,-69,-69,-69,-69,-69,-69,-69,-69,-69,-69,-71,-71,-69,-69,-69,-69,-69]},{""BSSID"":""C7:F8:C6:2F:15:BB"",""RSSIs"":[-78,-78,-78,-78,-74,-74,-74,-73,-73,-73,-73,-73,-73,-73,-72,-72,-72,-72,-72,-72,-72,-72,-70,-70,-70,-70,-70,-70,-70,-70,-70,-74,-74]},{""BSSID"":""C3:88:F6:29:A9:DE"",""RSSIs"":[-76,-78,-78,-78,-78,-78,-78,-78,-78,-76,-76,-76,-76,-76,-76,-76,-75,-75,-75,-75,-75,-75,-75,-75,-75,-75,-79,-79,-76,-76,-76,-76]}]",,,,,,
6168f3c623cb1643c62cff26,,,,,,,,,,
6168f3c823cb1643c62cff27,,,,,,,,,,
6168f3cb23cb1643c62cff28,,,,,,,,,,
6168f3cd23cb1643c62cff29,,,,,,,,,,
6168f3cf23cb1643c62cff2a,,,,,,,,,,
6168f47e23cb1643c62cff2b,,,,,,,,,,
6168f48b23cb1643c62cff2e,,,,,,,,,,
6168f48e23cb1643c62cff2f,,,,,,,,,,
6168f5c48501afc4f596d942,,,,,,,,,,
6168f5ea8501afc4f596d943,,,,,,,,,,
6168f6c68501afc4f596d944,,,,,,,,,,
6168f6da8501afc4f596d945,,,,,,,,,,
6168f758117d8b51806e8903,,,,,,,,,,
6168f75f117d8b51806e8904,,,,,,,,,,
6168f835117d8b51806e8906,,,,,,,,,,
6168f837117d8b51806e8907,,,,,,,,,,
6168f83a117d8b51806e8908,,,,,,,,,,
6168f83c117d8b51806e8909,,,,,,,,,,
6168f83d117d8b51806e890a,,,,,,,,,,
6168f900117d8b51806e890b,,,,,,,,,,
6168f902117d8b51806e890c,,,,,,,,,,
6168f906117d8b51806e890e,,,,,,,,,,
6168f908117d8b51806e890f,,,,,,,,,,
6168faf91aa95ec5cd284e29,,,,,,,,,,
6168fb581aa95ec5cd284e2a,,,,,,,,,,